name,manufacturer,stage,image_url,amazon_url,rakuten_url,is_active
具たっぷりグーグーキッチン しらすとわかめの煮込みうどん,和光堂,完了期,,,,TRUE
具たっぷりグーグーキッチン まぐろの炊き込みごはん,和光堂,完了期,,,,TRUE
具たっぷりグーグーキッチン かぼちゃのグラタン,和光堂,完了期,,,,TRUE
具たっぷりグーグーキッチン 鮭の豆乳リゾット,和光堂,完了期,,,,TRUE
具たっぷりグーグーキッチン 白身魚の海鮮中華がゆ,和光堂,完了期,,,,TRUE
具たっぷりグーグーキッチン ふわふわかき卵うどん,和光堂,完了期,,,,TRUE
具たっぷりグーグーキッチン 鯛と青菜のおかゆ,和光堂,完了期,,,,TRUE
具たっぷりグーグーキッチン 牛肉のすき焼き風ごはん,和光堂,完了期,,,,TRUE
具たっぷりグーグーキッチン 鶏肉と里芋の煮っころがし,和光堂,完了期,,,,TRUE
具たっぷりグーグーキッチン ひらめのリゾット,和光堂,完了期,,,,TRUE
具たっぷりグーグーキッチン 鶏と野菜のあんかけうどん,和光堂,完了期,,,,TRUE
具たっぷりグーグーキッチン 鮭とじゃがいもの和風煮,和光堂,完了期,,,,TRUE
具たっぷりグーグーキッチン 大根と豚の角煮,和光堂,完了期,,,,TRUE
具たっぷりグーグーキッチン 和風しらすチャーハン,和光堂,完了期,,,,TRUE
具たっぷりグーグーキッチン やわらか牛肉の肉じゃが,和光堂,完了期,,,,TRUE
具たっぷりグーグーキッチン 鮭とわかめの五目ごはん,和光堂,完了期,,,,TRUE
具たっぷりグーグーキッチン 鶏の五目釜めし,和光堂,完了期,,,,TRUE
具たっぷりグーグーキッチン ふっくら鯛めし,和光堂,完了期,,,,TRUE
具たっぷりグーグーキッチン きのこの和風ハンバーグ（豆腐入り）,和光堂,完了期,,,,TRUE
具たっぷりグーグーキッチン ふんわり親子どん,和光堂,完了期,,,,TRUE
具たっぷりグーグーキッチン 野菜たっぷりボロネーゼ（豚肉・鶏レバー入り）,和光堂,完了期,,,,TRUE
具たっぷりグーグーキッチン ツナときのこのリゾット,和光堂,完了期,,,,TRUE
具たっぷりグーグーキッチン いわしと野菜のトマト煮,和光堂,完了期,,,,TRUE
具たっぷりグーグーキッチン まぐろと野菜の五目あんかけ,和光堂,完了期,,,,TRUE
具たっぷりグーグーキッチン いわしと根菜の和風煮,和光堂,完了期,,,,TRUE
具たっぷりグーグーキッチン ツナと野菜のミネストローネ,和光堂,完了期,,,,TRUE
具たっぷりグーグーキッチン 野菜あんかけ豆腐ハンバーグ,和光堂,完了期,,,,TRUE
具たっぷりグーグーキッチン さつまいもとかぼちゃのシチュー,和光堂,完了期,,,,TRUE
具たっぷりグーグーキッチン チキンと野菜の豆乳ポトフ,和光堂,完了期,,,,TRUE
具たっぷりグーグーキッチン 煮込みハンバーグ（豆腐入り）,和光堂,完了期,,,,TRUE
具たっぷりグーグーキッチン やわらかチキンのクリーム煮,和光堂,完了期,,,,TRUE
具たっぷりグーグーキッチン 牛すき焼き卵とじ,和光堂,完了期,,,,TRUE
具たっぷりグーグーキッチン 彩り野菜のマーボーどん,和光堂,完了期,,,,TRUE
具たっぷりグーグーキッチン さばの味噌煮,和光堂,完了期,,,,TRUE
具たっぷりグーグーキッチン 八宝菜（具たっぷり）,和光堂,完了期,,,,TRUE
具たっぷりグーグーキッチン 野菜たっぷり豚汁,和光堂,完了期,,,,TRUE
具たっぷりグーグーキッチン やわらかポークチャップ（鶏レバー入り）,和光堂,完了期,,,,TRUE
具たっぷりグーグーキッチン さばのトマトカレー,和光堂,完了期,,,,TRUE
具たっぷりグーグーキッチン 鮭とほうれん草のシチュー,和光堂,完了期,,,,TRUE
1食分の野菜が摂れるグーグーキッチン ラタトゥイユ,和光堂,完了期,,,,TRUE
1食分の野菜が摂れるグーグーキッチン 八宝菜（1食分の野菜）,和光堂,完了期,,,,TRUE
1食分の野菜が摂れるグーグーキッチン 鮭と根菜の炊き込みごはん,和光堂,完了期,,,,TRUE
1食分の野菜が摂れるグーグーキッチン 煮込みうどん,和光堂,完了期,,,,TRUE
1食分の野菜が摂れるグーグーキッチン 海鮮チャーハン,和光堂,完了期,,,,TRUE
1食分の野菜が摂れるグーグーキッチン 豆乳ドリア,和光堂,完了期,,,,TRUE
1食分の野菜が摂れるグーグーキッチン 和風雑炊,和光堂,完了期,,,,TRUE
1食分の野菜が摂れるグーグーキッチン きんぴら,和光堂,完了期,,,,TRUE
1食分の野菜が摂れるグーグーキッチン ホワイトシチュー,和光堂,完了期,,,,TRUE
1食分の野菜が摂れるグーグーキッチン すき焼き風煮,和光堂,完了期,,,,TRUE
1食分の野菜が摂れるグーグーキッチン 筑前煮（1食分の野菜）,和光堂,完了期,,,,TRUE
1食分の野菜が摂れるグーグーキッチン 鯛のアクアパッツァ,和光堂,完了期,,,,TRUE
1食分の野菜が摂れるグーグーキッチン 鶏ごぼうの釜めし,和光堂,完了期,,,,TRUE
1食分の野菜が摂れるグーグーキッチン ちゃんぽんうどん,和光堂,完了期,,,,TRUE
BIGサイズのグーグーキッチン まぐろとわかめの炊き込みごはん,和光堂,完了期,,,,TRUE
BIGサイズのグーグーキッチン 鶏肉と野菜の煮込みうどん,和光堂,完了期,,,,TRUE
BIGサイズのグーグーキッチン しらすと大根のまぜごはん,和光堂,完了期,,,,TRUE
BIGサイズのグーグーキッチン 角煮チャーハン,和光堂,完了期,,,,TRUE
BIGサイズのグーグーキッチン ふっくら親子どん,和光堂,完了期,,,,TRUE
BIGサイズのグーグーキッチン 五目炊き込みごはん,和光堂,完了期,,,,TRUE
BIGサイズのグーグーキッチン チキンと野菜のナポリタン（鶏レバー入り）,和光堂,完了期,,,,TRUE
BIGサイズのグーグーキッチン まろやかビーフシチュー,和光堂,完了期,,,,TRUE
BIGサイズのグーグーキッチン ふんわりつくねの野菜あんかけ,和光堂,完了期,,,,TRUE
BIGサイズのグーグーキッチン すき焼き,和光堂,完了期,,,,TRUE
BIGサイズのグーグーキッチン ほっくり肉じゃが,和光堂,完了期,,,,TRUE
BIGサイズのグーグーキッチン 具だくさんカレー,和光堂,完了期,,,,TRUE
BIGサイズのグーグーキッチン 煮込みハンバーグ（BIG）,和光堂,完了期,,,,TRUE
BIGサイズのグーグーキッチン お魚の甘からつくね,和光堂,完了期,,,,TRUE
BIGサイズのグーグーキッチン 鶏だんごのお野菜ポトフ,和光堂,完了期,,,,TRUE
BIGサイズのグーグーキッチン お魚だんごの海鮮八宝菜,和光堂,完了期,,,,TRUE
BIGサイズのグーグーキッチン いわしのつみれ汁,和光堂,完了期,,,,TRUE
BIGサイズのグーグーキッチン お子さまホイコーロー,和光堂,完了期,,,,TRUE
BIGサイズのグーグーキッチン チキンときのこのトマト煮（鶏レバー入り）,和光堂,完了期,,,,TRUE
BIGサイズのグーグーキッチン 牛肉とトマトのハヤシソース（鶏レバー入り）,和光堂,完了期,,,,TRUE
BIGサイズのグーグーキッチン 鮭とポテトのクリーム煮,和光堂,完了期,,,,TRUE
はじめての離乳食 裏ごしほうれんそう,和光堂,初期,,,,TRUE
はじめての離乳食 裏ごしかぼちゃ,和光堂,初期,,,,TRUE
はじめての離乳食 裏ごしとうもろこし,和光堂,初期,,,,TRUE
はじめての離乳食 裏ごしおさかな,和光堂,初期,,,,TRUE
はじめての離乳食 裏ごしさつまいも,和光堂,初期,,,,TRUE
はじめての離乳食 裏ごしにんじん,和光堂,初期,,,,TRUE
はじめての離乳食 裏ごし鶏レバーと野菜,和光堂,初期,,,,TRUE
はじめての離乳食 裏ごし鶏ささみと野菜,和光堂,初期,,,,TRUE
栄養マルシェ しらすの雑炊,和光堂,後期,,,,TRUE
栄養マルシェ 彩り野菜の汁椀,和光堂,後期,,,,TRUE
栄養マルシェ さつまいもとかぼちゃのおかゆ,和光堂,後期,,,,TRUE
栄養マルシェ 白身魚と野菜の洋風煮込み,和光堂,後期,,,,TRUE
栄養マルシェ やわらか鶏のおかゆ,和光堂,後期,,,,TRUE
栄養マルシェ 野菜あんかけ鯛ごはん,和光堂,後期,,,,TRUE
栄養マルシェ まぐろと野菜の炊き込みごはん,和光堂,後期,,,,TRUE
栄養マルシェ 筑前煮（栄養マルシェ）,和光堂,後期,,,,TRUE
栄養マルシェ 里芋と豚肉のうま煮,和光堂,後期,,,,TRUE
栄養マルシェ たらと彩り野菜のうどん,和光堂,後期,,,,TRUE
栄養マルシェ 茶わんむし,和光堂,後期,,,,TRUE
栄養マルシェ 鶏と野菜のリゾット,和光堂,後期,,,,TRUE
栄養マルシェ レバーと野菜の洋風煮込み,和光堂,後期,,,,TRUE
栄養マルシェ 鮭のホワイトシチュー,和光堂,後期,,,,TRUE
栄養マルシェ 鮭とほうれん草の雑炊,和光堂,後期,,,,TRUE
栄養マルシェ 雪国まいたけごはん,和光堂,後期,,,,TRUE
栄養マルシェ すき焼き風煮込み,和光堂,後期,,,,TRUE
栄養マルシェ 彩り野菜のチキンリゾット,和光堂,後期,,,,TRUE
栄養マルシェ ポテトとツナのグラタン,和光堂,後期,,,,TRUE
栄養マルシェ 和風ハンバーグ,和光堂,後期,,,,TRUE
栄養マルシェ わかめとしらすのごはん,和光堂,後期,,,,TRUE
栄養マルシェ 鮭と椎茸のまぜごはん,和光堂,後期,,,,TRUE
栄養マルシェ 牛肉とほっくりじゃがいもの煮物,和光堂,後期,,,,TRUE
栄養マルシェ 牛肉おこわ,和光堂,後期,,,,TRUE
栄養マルシェ とうふハンバーグ,和光堂,後期,,,,TRUE
栄養マルシェ じゃがいもとお肉のカレーライス,和光堂,後期,,,,TRUE
BIGサイズの栄養マルシェ 鶏おこわ,和光堂,完了期,,,,TRUE
BIGサイズの栄養マルシェ 鯛めし,和光堂,完了期,,,,TRUE
BIGサイズの栄養マルシェ 根菜きんぴら,和光堂,完了期,,,,TRUE
BIGサイズの栄養マルシェ 五目中華丼,和光堂,完了期,,,,TRUE
BIGサイズの栄養マルシェ 鮭と根菜の五目ごはん,和光堂,完了期,,,,TRUE
BIGサイズの栄養マルシェ 豆腐と野菜の京風煮,和光堂,完了期,,,,TRUE
BIGサイズの栄養マルシェ 彩り野菜の豚丼,和光堂,完了期,,,,TRUE
BIGサイズの栄養マルシェ つぶつぶコーンクリームシチュー,和光堂,完了期,,,,TRUE
BIGサイズの栄養マルシェ 京風雑炊,和光堂,完了期,,,,TRUE
BIGサイズの栄養マルシェ 具だくさん豚汁,和光堂,完了期,,,,TRUE
BIGサイズの栄養マルシェ たらと根菜の和風煮,和光堂,完了期,,,,TRUE
BIGサイズの栄養マルシェ やわらか牛肉と野菜のクリーム煮,和光堂,完了期,,,,TRUE
手作り応援 おいしい米がゆ,和光堂,初期,,,,TRUE
手作り応援 おいしい野菜がゆ,和光堂,初期,,,,TRUE
手作り応援 おいしいパンがゆ風,和光堂,中期,,,,TRUE
手作り応援 コーンクリームスープ,和光堂,中期,,,,TRUE
手作り応援 パンプキンスープ,和光堂,中期,,,,TRUE
手作り応援 野菜スープ,和光堂,中期,,,,TRUE
手作り応援 和風だし,和光堂,初期,,,,TRUE
手作り応援 コンソメ,和光堂,初期,,,,TRUE
手作り応援 ホワイトソース,和光堂,中期,,,,TRUE
手作り応援 ほうれん草と小松菜,和光堂,中期,,,,TRUE
手作り応援 白身魚と緑黄色野菜,和光堂,中期,,,,TRUE
手作り応援 かぼちゃとさつまいも,和光堂,中期,,,,TRUE
手作り応援 にんじんとトマト,和光堂,中期,,,,TRUE
手作り応援 とろみのもと,和光堂,初期,,,,TRUE
手作り応援 鶏肉と緑黄色野菜,和光堂,中期,,,,TRUE
手作り応援 鶏レバーと緑黄色野菜,和光堂,中期,,,,TRUE
手作り応援 鯛と緑黄色野菜,和光堂,中期,,,,TRUE
手作り応援 鯛そぼろあんかけ,和光堂,後期,,,,TRUE
手作り応援 五目まぜご飯のもと,和光堂,後期,,,,TRUE
手作り応援 野菜リゾットのもと,和光堂,後期,,,,TRUE
手作り応援 鮭と青菜の和風あんかけ,和光堂,後期,,,,TRUE
手作り応援 チキンと野菜のトマトソース,和光堂,後期,,,,TRUE
手作り応援 チキンと野菜のクリームソース,和光堂,後期,,,,TRUE
手作り応援 チンして蒸しぱん,和光堂,完了期,,,,TRUE
手作り応援 チンしてコーンぱん,和光堂,完了期,,,,TRUE
手作り応援 チンしてココアぱん,和光堂,完了期,,,,TRUE
手作り応援 おみそしるのもと,和光堂,後期,,,,TRUE