babyfood_id,babyfood_name,ingredient_id,ingredient_name
1,具たっぷりグーグーキッチン とり雑炊,70,にんじん
1,具たっぷりグーグーキッチン とり雑炊,84,キャベツ
1,具たっぷりグーグーキッチン とり雑炊,66,だいこん
1,具たっぷりグーグーキッチン とり雑炊,59,さやいんげん
1,具たっぷりグーグーキッチン とり雑炊,104,精白米
1,具たっぷりグーグーキッチン とり雑炊,60,じゃがいも
1,具たっぷりグーグーキッチン とり雑炊,108,かつお昆布だし
1,具たっぷりグーグーキッチン とり雑炊,21,鶏ほぐし身
1,具たっぷりグーグーキッチン とり雑炊,124,しょうゆ
1,具たっぷりグーグーキッチン とり雑炊,115,チキンブイヨン
1,具たっぷりグーグーキッチン とり雑炊,46,しいたけ水煮
1,具たっぷりグーグーキッチン とり雑炊,100,加工でん粉
1,具たっぷりグーグーキッチン とり雑炊,143,クエン酸
1,具たっぷりグーグーキッチン とり雑炊,146,ピロリン酸鉄
2,具たっぷりグーグーキッチン しらすとわかめの煮込みうどん,70,にんじん
2,具たっぷりグーグーキッチン しらすとわかめの煮込みうどん,66,だいこん
2,具たっぷりグーグーキッチン しらすとわかめの煮込みうどん,59,さやいんげん
2,具たっぷりグーグーキッチン しらすとわかめの煮込みうどん,94,うどん
2,具たっぷりグーグーキッチン しらすとわかめの煮込みうどん,108,かつお昆布だし
2,具たっぷりグーグーキッチン しらすとわかめの煮込みうどん,4,しらす
2,具たっぷりグーグーキッチン しらすとわかめの煮込みうどん,124,しょうゆ
2,具たっぷりグーグーキッチン しらすとわかめの煮込みうどん,126,ぶどう糖
2,具たっぷりグーグーキッチン しらすとわかめの煮込みうどん,46,しいたけ水煮
2,具たっぷりグーグーキッチン しらすとわかめの煮込みうどん,150,乾燥わかめ
2,具たっぷりグーグーキッチン しらすとわかめの煮込みうどん,100,加工でん粉
2,具たっぷりグーグーキッチン しらすとわかめの煮込みうどん,146,ピロリン酸鉄
3,具たっぷりグーグーキッチン まぐろの炊き込みごはん,70,にんじん
3,具たっぷりグーグーキッチン まぐろの炊き込みごはん,66,だいこん
3,具たっぷりグーグーキッチン まぐろの炊き込みごはん,59,さやいんげん
3,具たっぷりグーグーキッチン まぐろの炊き込みごはん,104,精白米
3,具たっぷりグーグーキッチン まぐろの炊き込みごはん,108,かつお昆布だし
3,具たっぷりグーグーキッチン まぐろの炊き込みごはん,15,まぐろ水煮
3,具たっぷりグーグーキッチン まぐろの炊き込みごはん,46,しいたけ水煮
3,具たっぷりグーグーキッチン まぐろの炊き込みごはん,11,ちりめんエキス
3,具たっぷりグーグーキッチン まぐろの炊き込みごはん,139,食塩
3,具たっぷりグーグーキッチン まぐろの炊き込みごはん,100,加工でん粉
3,具たっぷりグーグーキッチン まぐろの炊き込みごはん,143,クエン酸
3,具たっぷりグーグーキッチン まぐろの炊き込みごはん,146,ピロリン酸鉄
4,具たっぷりグーグーキッチン かぼちゃのグラタン,60,じゃがいも
4,具たっぷりグーグーキッチン かぼちゃのグラタン,70,にんじん
4,具たっぷりグーグーキッチン かぼちゃのグラタン,87,ブロッコリー
4,具たっぷりグーグーキッチン かぼちゃのグラタン,52,かぼちゃペースト
4,具たっぷりグーグーキッチン かぼちゃのグラタン,96,スパゲッティ
4,具たっぷりグーグーキッチン かぼちゃのグラタン,24,鶏肉
4,具たっぷりグーグーキッチン かぼちゃのグラタン,98,パン粉
4,具たっぷりグーグーキッチン かぼちゃのグラタン,61,たまねぎ
4,具たっぷりグーグーキッチン かぼちゃのグラタン,95,でん粉
4,具たっぷりグーグーキッチン かぼちゃのグラタン,139,食塩
4,具たっぷりグーグーキッチン かぼちゃのグラタン,82,オニオンソテー
4,具たっぷりグーグーキッチン かぼちゃのグラタン,126,ぶどう糖
4,具たっぷりグーグーキッチン かぼちゃのグラタン,37,全粉乳
4,具たっぷりグーグーキッチン かぼちゃのグラタン,33,バター
4,具たっぷりグーグーキッチン かぼちゃのグラタン,116,チキン・フィッシュブイヨン
4,具たっぷりグーグーキッチン かぼちゃのグラタン,100,加工でん粉
4,具たっぷりグーグーキッチン かぼちゃのグラタン,148,炭酸カルシウム
4,具たっぷりグーグーキッチン かぼちゃのグラタン,143,クエン酸
5,具たっぷりグーグーキッチン 鮭の豆乳リゾット,70,にんじん
5,具たっぷりグーグーキッチン 鮭の豆乳リゾット,84,キャベツ
5,具たっぷりグーグーキッチン 鮭の豆乳リゾット,87,ブロッコリー
5,具たっぷりグーグーキッチン 鮭の豆乳リゾット,60,じゃがいも
5,具たっぷりグーグーキッチン 鮭の豆乳リゾット,104,精白米
5,具たっぷりグーグーキッチン 鮭の豆乳リゾット,43,豆乳
5,具たっぷりグーグーキッチン 鮭の豆乳リゾット,2,さけほぐし身
5,具たっぷりグーグーキッチン 鮭の豆乳リゾット,132,トマトピューレー
5,具たっぷりグーグーキッチン 鮭の豆乳リゾット,130,トマトケチャップ
5,具たっぷりグーグーキッチン 鮭の豆乳リゾット,7,たいエキス
5,具たっぷりグーグーキッチン 鮭の豆乳リゾット,139,食塩
5,具たっぷりグーグーキッチン 鮭の豆乳リゾット,100,加工でん粉
5,具たっぷりグーグーキッチン 鮭の豆乳リゾット,148,炭酸カルシウム
5,具たっぷりグーグーキッチン 鮭の豆乳リゾット,143,クエン酸
6,具たっぷりグーグーキッチン 白身魚の海鮮中華がゆ,66,だいこん
6,具たっぷりグーグーキッチン 白身魚の海鮮中華がゆ,70,にんじん
6,具たっぷりグーグーキッチン 白身魚の海鮮中華がゆ,84,キャベツ
6,具たっぷりグーグーキッチン 白身魚の海鮮中華がゆ,77,ほうれんそう
6,具たっぷりグーグーキッチン 白身魚の海鮮中華がゆ,104,精白米
6,具たっぷりグーグーキッチン 白身魚の海鮮中華がゆ,10,たらほぐし身
6,具たっぷりグーグーキッチン 白身魚の海鮮中華がゆ,11,ちりめんエキス
6,具たっぷりグーグーキッチン 白身魚の海鮮中華がゆ,124,しょうゆ
6,具たっぷりグーグーキッチン 白身魚の海鮮中華がゆ,122,ごま油
6,具たっぷりグーグーキッチン 白身魚の海鮮中華がゆ,139,食塩
6,具たっぷりグーグーキッチン 白身魚の海鮮中華がゆ,100,加工でん粉
6,具たっぷりグーグーキッチン 白身魚の海鮮中華がゆ,143,クエン酸
6,具たっぷりグーグーキッチン 白身魚の海鮮中華がゆ,146,ピロリン酸鉄
7,具たっぷりグーグーキッチン ふわふわかき卵うどん,70,にんじん
7,具たっぷりグーグーキッチン ふわふわかき卵うどん,84,キャベツ
7,具たっぷりグーグーキッチン ふわふわかき卵うどん,66,だいこん
7,具たっぷりグーグーキッチン ふわふわかき卵うどん,77,ほうれんそう
7,具たっぷりグーグーキッチン ふわふわかき卵うどん,25,卵白
7,具たっぷりグーグーキッチン ふわふわかき卵うどん,94,うどん
7,具たっぷりグーグーキッチン ふわふわかき卵うどん,27,卵黄
7,具たっぷりグーグーキッチン ふわふわかき卵うどん,82,オニオンソテー
7,具たっぷりグーグーキッチン ふわふわかき卵うどん,108,かつお昆布だし
7,具たっぷりグーグーキッチン ふわふわかき卵うどん,21,鶏ほぐし身
7,具たっぷりグーグーキッチン ふわふわかき卵うどん,126,ぶどう糖
7,具たっぷりグーグーキッチン ふわふわかき卵うどん,124,しょうゆ
7,具たっぷりグーグーキッチン ふわふわかき卵うどん,112,チキンエキス
7,具たっぷりグーグーキッチン ふわふわかき卵うどん,139,食塩
7,具たっぷりグーグーキッチン ふわふわかき卵うどん,100,加工でん粉
7,具たっぷりグーグーキッチン ふわふわかき卵うどん,143,クエン酸
7,具たっぷりグーグーキッチン ふわふわかき卵うどん,146,ピロリン酸鉄
8,具たっぷりグーグーキッチン 鯛と青菜のおかゆ,70,にんじん
8,具たっぷりグーグーキッチン 鯛と青菜のおかゆ,77,ほうれんそう
8,具たっぷりグーグーキッチン 鯛と青菜のおかゆ,84,キャベツ
8,具たっぷりグーグーキッチン 鯛と青菜のおかゆ,54,こまつな
8,具たっぷりグーグーキッチン 鯛と青菜のおかゆ,87,ブロッコリー
8,具たっぷりグーグーキッチン 鯛と青菜のおかゆ,104,精白米
8,具たっぷりグーグーキッチン 鯛と青菜のおかゆ,60,じゃがいも
8,具たっぷりグーグーキッチン 鯛と青菜のおかゆ,82,オニオンソテー
8,具たっぷりグーグーキッチン 鯛と青菜のおかゆ,6,たいほぐし身
8,具たっぷりグーグーキッチン 鯛と青菜のおかゆ,7,たいエキス
8,具たっぷりグーグーキッチン 鯛と青菜のおかゆ,139,食塩
8,具たっぷりグーグーキッチン 鯛と青菜のおかゆ,100,加工でん粉
8,具たっぷりグーグーキッチン 鯛と青菜のおかゆ,146,ピロリン酸鉄
9,具たっぷりグーグーキッチン 牛肉のすき焼き風ごはん,70,にんじん
9,具たっぷりグーグーキッチン 牛肉のすき焼き風ごはん,84,キャベツ
9,具たっぷりグーグーキッチン 牛肉のすき焼き風ごはん,59,さやいんげん
9,具たっぷりグーグーキッチン 牛肉のすき焼き風ごはん,104,精白米
9,具たっぷりグーグーキッチン 牛肉のすき焼き風ごはん,108,かつお昆布だし
9,具たっぷりグーグーキッチン 牛肉のすき焼き風ごはん,18,牛肉
9,具たっぷりグーグーキッチン 牛肉のすき焼き風ごはん,95,でん粉
9,具たっぷりグーグーキッチン 牛肉のすき焼き風ごはん,152,海藻粉末
9,具たっぷりグーグーキッチン 牛肉のすき焼き風ごはん,139,食塩
9,具たっぷりグーグーキッチン 牛肉のすき焼き風ごはん,82,オニオンソテー
9,具たっぷりグーグーキッチン 牛肉のすき焼き風ごはん,124,しょうゆ
9,具たっぷりグーグーキッチン 牛肉のすき焼き風ごはん,126,ぶどう糖
9,具たっぷりグーグーキッチン 牛肉のすき焼き風ごはん,47,まいたけ水煮
9,具たっぷりグーグーキッチン 牛肉のすき焼き風ごはん,100,加工でん粉
9,具たっぷりグーグーキッチン 牛肉のすき焼き風ごはん,146,ピロリン酸鉄
10,具たっぷりグーグーキッチン 鶏肉と里芋の煮っころがし,70,にんじん
10,具たっぷりグーグーキッチン 鶏肉と里芋の煮っころがし,66,だいこん
10,具たっぷりグーグーキッチン 鶏肉と里芋の煮っころがし,56,ごぼう
10,具たっぷりグーグーキッチン 鶏肉と里芋の煮っころがし,59,さやいんげん
10,具たっぷりグーグーキッチン 鶏肉と里芋の煮っころがし,58,さといも
10,具たっぷりグーグーキッチン 鶏肉と里芋の煮っころがし,108,かつお昆布だし
10,具たっぷりグーグーキッチン 鶏肉と里芋の煮っころがし,60,じゃがいも
10,具たっぷりグーグーキッチン 鶏肉と里芋の煮っころがし,126,ぶどう糖
10,具たっぷりグーグーキッチン 鶏肉と里芋の煮っころがし,21,鶏ほぐし身
10,具たっぷりグーグーキッチン 鶏肉と里芋の煮っころがし,124,しょうゆ
10,具たっぷりグーグーキッチン 鶏肉と里芋の煮っころがし,134,植物油脂
10,具たっぷりグーグーキッチン 鶏肉と里芋の煮っころがし,46,しいたけ水煮
10,具たっぷりグーグーキッチン 鶏肉と里芋の煮っころがし,112,チキンエキス
10,具たっぷりグーグーキッチン 鶏肉と里芋の煮っころがし,139,食塩
10,具たっぷりグーグーキッチン 鶏肉と里芋の煮っころがし,100,加工でん粉
10,具たっぷりグーグーキッチン 鶏肉と里芋の煮っころがし,146,ピロリン酸鉄
11,具たっぷりグーグーキッチン ひらめのリゾット,70,にんじん
11,具たっぷりグーグーキッチン ひらめのリゾット,84,キャベツ
11,具たっぷりグーグーキッチン ひらめのリゾット,87,ブロッコリー
11,具たっぷりグーグーキッチン ひらめのリゾット,104,精白米
11,具たっぷりグーグーキッチン ひらめのリゾット,60,じゃがいも
11,具たっぷりグーグーキッチン ひらめのリゾット,31,チェダーチーズ
11,具たっぷりグーグーキッチン ひらめのリゾット,12,ひらめほぐし身
11,具たっぷりグーグーキッチン ひらめのリゾット,7,たいエキス
11,具たっぷりグーグーキッチン ひらめのリゾット,64,たまねぎペースト
11,具たっぷりグーグーキッチン ひらめのリゾット,52,かぼちゃペースト
11,具たっぷりグーグーキッチン ひらめのリゾット,13,ほたてエキス
11,具たっぷりグーグーキッチン ひらめのリゾット,139,食塩
11,具たっぷりグーグーキッチン ひらめのリゾット,100,加工でん粉
11,具たっぷりグーグーキッチン ひらめのリゾット,148,炭酸カルシウム
11,具たっぷりグーグーキッチン ひらめのリゾット,143,クエン酸
12,具たっぷりグーグーキッチン 鶏と野菜のあんかけうどん,66,だいこん
12,具たっぷりグーグーキッチン 鶏と野菜のあんかけうどん,84,キャベツ
12,具たっぷりグーグーキッチン 鶏と野菜のあんかけうどん,70,にんじん
12,具たっぷりグーグーキッチン 鶏と野菜のあんかけうどん,56,ごぼう
12,具たっぷりグーグーキッチン 鶏と野菜のあんかけうどん,94,うどん
12,具たっぷりグーグーキッチン 鶏と野菜のあんかけうどん,108,かつお昆布だし
12,具たっぷりグーグーキッチン 鶏と野菜のあんかけうどん,21,鶏ほぐし身
12,具たっぷりグーグーキッチン 鶏と野菜のあんかけうどん,126,ぶどう糖
12,具たっぷりグーグーキッチン 鶏と野菜のあんかけうどん,124,しょうゆ
12,具たっぷりグーグーキッチン 鶏と野菜のあんかけうどん,115,チキンブイヨン
12,具たっぷりグーグーキッチン 鶏と野菜のあんかけうどん,100,加工でん粉
12,具たっぷりグーグーキッチン 鶏と野菜のあんかけうどん,148,炭酸カルシウム
12,具たっぷりグーグーキッチン 鶏と野菜のあんかけうどん,143,クエン酸
13,具たっぷりグーグーキッチン 鮭とじゃがいもの和風煮,70,にんじん
13,具たっぷりグーグーキッチン 鮭とじゃがいもの和風煮,56,ごぼう
13,具たっぷりグーグーキッチン 鮭とじゃがいもの和風煮,84,キャベツ
13,具たっぷりグーグーキッチン 鮭とじゃがいもの和風煮,60,じゃがいも
13,具たっぷりグーグーキッチン 鮭とじゃがいもの和風煮,108,かつお昆布だし
13,具たっぷりグーグーキッチン 鮭とじゃがいもの和風煮,2,さけほぐし身
13,具たっぷりグーグーキッチン 鮭とじゃがいもの和風煮,136,砂糖
13,具たっぷりグーグーキッチン 鮭とじゃがいもの和風煮,76,はくさいペースト
13,具たっぷりグーグーキッチン 鮭とじゃがいもの和風煮,124,しょうゆ
13,具たっぷりグーグーキッチン 鮭とじゃがいもの和風煮,134,植物油脂
13,具たっぷりグーグーキッチン 鮭とじゃがいもの和風煮,46,しいたけ水煮
13,具たっぷりグーグーキッチン 鮭とじゃがいもの和風煮,139,食塩
13,具たっぷりグーグーキッチン 鮭とじゃがいもの和風煮,100,加工でん粉
13,具たっぷりグーグーキッチン 鮭とじゃがいもの和風煮,148,炭酸カルシウム
13,具たっぷりグーグーキッチン 鮭とじゃがいもの和風煮,143,クエン酸
14,具たっぷりグーグーキッチン 大根と豚の角煮,70,にんじん
14,具たっぷりグーグーキッチン 大根と豚の角煮,66,だいこん
14,具たっぷりグーグーキッチン 大根と豚の角煮,56,ごぼう
14,具たっぷりグーグーキッチン 大根と豚の角煮,87,ブロッコリー
14,具たっぷりグーグーキッチン 大根と豚の角煮,60,じゃがいも
14,具たっぷりグーグーキッチン 大根と豚の角煮,20,豚肉
14,具たっぷりグーグーキッチン 大根と豚の角煮,95,でん粉
14,具たっぷりグーグーキッチン 大根と豚の角煮,139,食塩
14,具たっぷりグーグーキッチン 大根と豚の角煮,152,海藻粉末
14,具たっぷりグーグーキッチン 大根と豚の角煮,126,ぶどう糖
14,具たっぷりグーグーキッチン 大根と豚の角煮,124,しょうゆ
14,具たっぷりグーグーキッチン 大根と豚の角煮,92,りんごピューレー
14,具たっぷりグーグーキッチン 大根と豚の角煮,115,チキンブイヨン
14,具たっぷりグーグーキッチン 大根と豚の角煮,134,植物油脂
14,具たっぷりグーグーキッチン 大根と豚の角煮,93,パインアップル濃縮果汁
14,具たっぷりグーグーキッチン 大根と豚の角煮,46,しいたけ水煮
14,具たっぷりグーグーキッチン 大根と豚の角煮,112,チキンエキス
14,具たっぷりグーグーキッチン 大根と豚の角煮,100,加工でん粉
14,具たっぷりグーグーキッチン 大根と豚の角煮,146,ピロリン酸鉄
15,具たっぷりグーグーキッチン 和風しらすチャーハン,70,にんじん
15,具たっぷりグーグーキッチン 和風しらすチャーハン,84,キャベツ
15,具たっぷりグーグーキッチン 和風しらすチャーハン,59,さやいんげん
15,具たっぷりグーグーキッチン 和風しらすチャーハン,104,精白米
15,具たっぷりグーグーキッチン 和風しらすチャーハン,108,かつお昆布だし
15,具たっぷりグーグーキッチン 和風しらすチャーハン,4,しらす
15,具たっぷりグーグーキッチン 和風しらすチャーハン,25,卵白
15,具たっぷりグーグーキッチン 和風しらすチャーハン,124,しょうゆ
15,具たっぷりグーグーキッチン 和風しらすチャーハン,27,卵黄
15,具たっぷりグーグーキッチン 和風しらすチャーハン,64,たまねぎペースト
15,具たっぷりグーグーキッチン 和風しらすチャーハン,122,ごま油
15,具たっぷりグーグーキッチン 和風しらすチャーハン,11,ちりめんエキス
15,具たっぷりグーグーキッチン 和風しらすチャーハン,100,加工でん粉
15,具たっぷりグーグーキッチン 和風しらすチャーハン,143,クエン酸
15,具たっぷりグーグーキッチン 和風しらすチャーハン,146,ピロリン酸鉄
16,具たっぷりグーグーキッチン やわらか牛肉の肉じゃが,60,じゃがいも
16,具たっぷりグーグーキッチン やわらか牛肉の肉じゃが,70,にんじん
16,具たっぷりグーグーキッチン やわらか牛肉の肉じゃが,59,さやいんげん
16,具たっぷりグーグーキッチン やわらか牛肉の肉じゃが,18,牛肉
16,具たっぷりグーグーキッチン やわらか牛肉の肉じゃが,95,でん粉
16,具たっぷりグーグーキッチン やわらか牛肉の肉じゃが,152,海藻粉末
16,具たっぷりグーグーキッチン やわらか牛肉の肉じゃが,139,食塩
16,具たっぷりグーグーキッチン やわらか牛肉の肉じゃが,108,かつお昆布だし
16,具たっぷりグーグーキッチン やわらか牛肉の肉じゃが,82,オニオンソテー
16,具たっぷりグーグーキッチン やわらか牛肉の肉じゃが,124,しょうゆ
16,具たっぷりグーグーキッチン やわらか牛肉の肉じゃが,136,砂糖
16,具たっぷりグーグーキッチン やわらか牛肉の肉じゃが,115,チキンブイヨン
16,具たっぷりグーグーキッチン やわらか牛肉の肉じゃが,100,加工でん粉
16,具たっぷりグーグーキッチン やわらか牛肉の肉じゃが,146,ピロリン酸鉄
17,具たっぷりグーグーキッチン 鮭とわかめの五目ごはん,70,にんじん
17,具たっぷりグーグーキッチン 鮭とわかめの五目ごはん,84,キャベツ
17,具たっぷりグーグーキッチン 鮭とわかめの五目ごはん,104,精白米
17,具たっぷりグーグーキッチン 鮭とわかめの五目ごはん,60,じゃがいも
17,具たっぷりグーグーキッチン 鮭とわかめの五目ごはん,108,かつお昆布だし
17,具たっぷりグーグーキッチン 鮭とわかめの五目ごはん,2,さけほぐし身
17,具たっぷりグーグーキッチン 鮭とわかめの五目ごはん,124,しょうゆ
17,具たっぷりグーグーキッチン 鮭とわかめの五目ごはん,46,しいたけ水煮
17,具たっぷりグーグーキッチン 鮭とわかめの五目ごはん,112,チキンエキス
17,具たっぷりグーグーキッチン 鮭とわかめの五目ごはん,136,砂糖
17,具たっぷりグーグーキッチン 鮭とわかめの五目ごはん,139,食塩
17,具たっぷりグーグーキッチン 鮭とわかめの五目ごはん,150,乾燥わかめ
17,具たっぷりグーグーキッチン 鮭とわかめの五目ごはん,100,加工でん粉
17,具たっぷりグーグーキッチン 鮭とわかめの五目ごはん,148,炭酸カルシウム
17,具たっぷりグーグーキッチン 鮭とわかめの五目ごはん,143,クエン酸
18,具たっぷりグーグーキッチン 鶏の五目釜めし,70,にんじん
18,具たっぷりグーグーキッチン 鶏の五目釜めし,56,ごぼう
18,具たっぷりグーグーキッチン 鶏の五目釜めし,66,だいこん
18,具たっぷりグーグーキッチン 鶏の五目釜めし,59,さやいんげん
18,具たっぷりグーグーキッチン 鶏の五目釜めし,104,精白米
18,具たっぷりグーグーキッチン 鶏の五目釜めし,108,かつお昆布だし
18,具たっぷりグーグーキッチン 鶏の五目釜めし,21,鶏ほぐし身
18,具たっぷりグーグーキッチン 鶏の五目釜めし,112,チキンエキス
18,具たっぷりグーグーキッチン 鶏の五目釜めし,124,しょうゆ
18,具たっぷりグーグーキッチン 鶏の五目釜めし,136,砂糖
18,具たっぷりグーグーキッチン 鶏の五目釜めし,46,しいたけ水煮
18,具たっぷりグーグーキッチン 鶏の五目釜めし,139,食塩
18,具たっぷりグーグーキッチン 鶏の五目釜めし,100,加工でん粉
18,具たっぷりグーグーキッチン 鶏の五目釜めし,146,ピロリン酸鉄
18,具たっぷりグーグーキッチン 鶏の五目釜めし,143,クエン酸
19,具たっぷりグーグーキッチン ふっくら鯛めし,70,にんじん
19,具たっぷりグーグーキッチン ふっくら鯛めし,66,だいこん
19,具たっぷりグーグーキッチン ふっくら鯛めし,84,キャベツ
19,具たっぷりグーグーキッチン ふっくら鯛めし,77,ほうれんそう
19,具たっぷりグーグーキッチン ふっくら鯛めし,104,精白米
19,具たっぷりグーグーキッチン ふっくら鯛めし,108,かつお昆布だし
19,具たっぷりグーグーキッチン ふっくら鯛めし,6,たいほぐし身
19,具たっぷりグーグーキッチン ふっくら鯛めし,47,まいたけ水煮
19,具たっぷりグーグーキッチン ふっくら鯛めし,124,しょうゆ
19,具たっぷりグーグーキッチン ふっくら鯛めし,136,砂糖
19,具たっぷりグーグーキッチン ふっくら鯛めし,7,たいエキス
19,具たっぷりグーグーキッチン ふっくら鯛めし,139,食塩
19,具たっぷりグーグーキッチン ふっくら鯛めし,123,しょうがペースト
19,具たっぷりグーグーキッチン ふっくら鯛めし,100,加工でん粉
19,具たっぷりグーグーキッチン ふっくら鯛めし,146,ピロリン酸鉄
19,具たっぷりグーグーキッチン ふっくら鯛めし,143,クエン酸
20,具たっぷりグーグーキッチン きのこの和風ハンバーグ（豆腐入り）,24,鶏肉
20,具たっぷりグーグーキッチン きのこの和風ハンバーグ（豆腐入り）,61,たまねぎ
20,具たっぷりグーグーキッチン きのこの和風ハンバーグ（豆腐入り）,44,豆腐
20,具たっぷりグーグーキッチン きのこの和風ハンバーグ（豆腐入り）,95,でん粉
20,具たっぷりグーグーキッチン きのこの和風ハンバーグ（豆腐入り）,41,粉末状大豆たん白
20,具たっぷりグーグーキッチン きのこの和風ハンバーグ（豆腐入り）,156,乾燥マッシュポテト
20,具たっぷりグーグーキッチン きのこの和風ハンバーグ（豆腐入り）,42,粒状大豆たん白
20,具たっぷりグーグーキッチン きのこの和風ハンバーグ（豆腐入り）,139,食塩
20,具たっぷりグーグーキッチン きのこの和風ハンバーグ（豆腐入り）,70,にんじん
20,具たっぷりグーグーキッチン きのこの和風ハンバーグ（豆腐入り）,59,さやいんげん
20,具たっぷりグーグーキッチン きのこの和風ハンバーグ（豆腐入り）,60,じゃがいも
20,具たっぷりグーグーキッチン きのこの和風ハンバーグ（豆腐入り）,82,オニオンソテー
20,具たっぷりグーグーキッチン きのこの和風ハンバーグ（豆腐入り）,124,しょうゆ
20,具たっぷりグーグーキッチン きのこの和風ハンバーグ（豆腐入り）,136,砂糖
20,具たっぷりグーグーキッチン きのこの和風ハンバーグ（豆腐入り）,47,まいたけ水煮
20,具たっぷりグーグーキッチン きのこの和風ハンバーグ（豆腐入り）,120,酵母エキス
20,具たっぷりグーグーキッチン きのこの和風ハンバーグ（豆腐入り）,100,加工でん粉
20,具たっぷりグーグーキッチン きのこの和風ハンバーグ（豆腐入り）,146,ピロリン酸鉄
21,具たっぷりグーグーキッチン ふんわり親子どん,70,にんじん
21,具たっぷりグーグーキッチン ふんわり親子どん,84,キャベツ
21,具たっぷりグーグーキッチン ふんわり親子どん,59,さやいんげん
21,具たっぷりグーグーキッチン ふんわり親子どん,82,オニオンソテー
21,具たっぷりグーグーキッチン ふんわり親子どん,27,卵黄
21,具たっぷりグーグーキッチン ふんわり親子どん,25,卵白
21,具たっぷりグーグーキッチン ふんわり親子どん,21,鶏ほぐし身
21,具たっぷりグーグーキッチン ふんわり親子どん,108,かつお昆布だし
21,具たっぷりグーグーキッチン ふんわり親子どん,136,砂糖
21,具たっぷりグーグーキッチン ふんわり親子どん,46,しいたけ水煮
21,具たっぷりグーグーキッチン ふんわり親子どん,124,しょうゆ
21,具たっぷりグーグーキッチン ふんわり親子どん,112,チキンエキス
21,具たっぷりグーグーキッチン ふんわり親子どん,139,食塩
21,具たっぷりグーグーキッチン ふんわり親子どん,100,加工でん粉
21,具たっぷりグーグーキッチン ふんわり親子どん,143,クエン酸
21,具たっぷりグーグーキッチン ふんわり親子どん,146,ピロリン酸鉄
22,具たっぷりグーグーキッチン 野菜たっぷりボロネーゼ（豚肉・鶏レバー入り）,70,にんじん
22,具たっぷりグーグーキッチン 野菜たっぷりボロネーゼ（豚肉・鶏レバー入り）,84,キャベツ
22,具たっぷりグーグーキッチン 野菜たっぷりボロネーゼ（豚肉・鶏レバー入り）,87,ブロッコリー
22,具たっぷりグーグーキッチン 野菜たっぷりボロネーゼ（豚肉・鶏レバー入り）,82,オニオンソテー
22,具たっぷりグーグーキッチン 野菜たっぷりボロネーゼ（豚肉・鶏レバー入り）,96,スパゲッティ
22,具たっぷりグーグーキッチン 野菜たっぷりボロネーゼ（豚肉・鶏レバー入り）,20,豚肉
22,具たっぷりグーグーキッチン 野菜たっぷりボロネーゼ（豚肉・鶏レバー入り）,95,でん粉
22,具たっぷりグーグーキッチン 野菜たっぷりボロネーゼ（豚肉・鶏レバー入り）,139,食塩
22,具たっぷりグーグーキッチン 野菜たっぷりボロネーゼ（豚肉・鶏レバー入り）,152,海藻粉末
22,具たっぷりグーグーキッチン 野菜たっぷりボロネーゼ（豚肉・鶏レバー入り）,133,トマトペースト
22,具たっぷりグーグーキッチン 野菜たっぷりボロネーゼ（豚肉・鶏レバー入り）,112,チキンエキス
22,具たっぷりグーグーキッチン 野菜たっぷりボロネーゼ（豚肉・鶏レバー入り）,90,香味野菜ソテー
22,具たっぷりグーグーキッチン 野菜たっぷりボロネーゼ（豚肉・鶏レバー入り）,23,鶏レバーペースト
22,具たっぷりグーグーキッチン 野菜たっぷりボロネーゼ（豚肉・鶏レバー入り）,126,ぶどう糖
22,具たっぷりグーグーキッチン 野菜たっぷりボロネーゼ（豚肉・鶏レバー入り）,31,チェダーチーズ
22,具たっぷりグーグーキッチン 野菜たっぷりボロネーゼ（豚肉・鶏レバー入り）,64,たまねぎペースト
22,具たっぷりグーグーキッチン 野菜たっぷりボロネーゼ（豚肉・鶏レバー入り）,100,加工でん粉
22,具たっぷりグーグーキッチン 野菜たっぷりボロネーゼ（豚肉・鶏レバー入り）,146,ピロリン酸鉄
23,具たっぷりグーグーキッチン ツナときのこのリゾット,70,にんじん
23,具たっぷりグーグーキッチン ツナときのこのリゾット,84,キャベツ
23,具たっぷりグーグーキッチン ツナときのこのリゾット,104,精白米
23,具たっぷりグーグーキッチン ツナときのこのリゾット,47,まいたけ水煮
23,具たっぷりグーグーキッチン ツナときのこのリゾット,15,まぐろ水煮
23,具たっぷりグーグーキッチン ツナときのこのリゾット,52,かぼちゃペースト
23,具たっぷりグーグーキッチン ツナときのこのリゾット,115,チキンブイヨン
23,具たっぷりグーグーキッチン ツナときのこのリゾット,112,チキンエキス
23,具たっぷりグーグーキッチン ツナときのこのリゾット,134,植物油脂
23,具たっぷりグーグーキッチン ツナときのこのリゾット,46,しいたけ水煮
23,具たっぷりグーグーキッチン ツナときのこのリゾット,139,食塩
23,具たっぷりグーグーキッチン ツナときのこのリゾット,100,加工でん粉
23,具たっぷりグーグーキッチン ツナときのこのリゾット,146,ピロリン酸鉄
24,具たっぷりグーグーキッチン いわしと野菜のトマト煮,60,じゃがいも
24,具たっぷりグーグーキッチン いわしと野菜のトマト煮,70,にんじん
24,具たっぷりグーグーキッチン いわしと野菜のトマト煮,84,キャベツ
24,具たっぷりグーグーキッチン いわしと野菜のトマト煮,86,ピーマン
24,具たっぷりグーグーキッチン いわしと野菜のトマト煮,1,いわし
24,具たっぷりグーグーキッチン いわしと野菜のトマト煮,98,パン粉
24,具たっぷりグーグーキッチン いわしと野菜のトマト煮,101,小麦粉
24,具たっぷりグーグーキッチン いわしと野菜のトマト煮,61,たまねぎ
24,具たっぷりグーグーキッチン いわしと野菜のトマト煮,134,植物油脂
24,具たっぷりグーグーキッチン いわしと野菜のトマト煮,139,食塩
24,具たっぷりグーグーキッチン いわしと野菜のトマト煮,130,トマトケチャップ
24,具たっぷりグーグーキッチン いわしと野菜のトマト煮,89,野菜ブイヨンペースト
24,具たっぷりグーグーキッチン いわしと野菜のトマト煮,133,トマトペースト
24,具たっぷりグーグーキッチン いわしと野菜のトマト煮,112,チキンエキス
24,具たっぷりグーグーキッチン いわしと野菜のトマト煮,136,砂糖
24,具たっぷりグーグーキッチン いわしと野菜のトマト煮,100,加工でん粉
24,具たっぷりグーグーキッチン いわしと野菜のトマト煮,146,ピロリン酸鉄
25,具たっぷりグーグーキッチン まぐろと野菜の五目あんかけ,70,にんじん
25,具たっぷりグーグーキッチン まぐろと野菜の五目あんかけ,84,キャベツ
25,具たっぷりグーグーキッチン まぐろと野菜の五目あんかけ,87,ブロッコリー
25,具たっぷりグーグーキッチン まぐろと野菜の五目あんかけ,60,じゃがいも
25,具たっぷりグーグーキッチン まぐろと野菜の五目あんかけ,82,オニオンソテー
25,具たっぷりグーグーキッチン まぐろと野菜の五目あんかけ,15,まぐろ水煮
25,具たっぷりグーグーキッチン まぐろと野菜の五目あんかけ,112,チキンエキス
25,具たっぷりグーグーキッチン まぐろと野菜の五目あんかけ,136,砂糖
25,具たっぷりグーグーキッチン まぐろと野菜の五目あんかけ,124,しょうゆ
25,具たっぷりグーグーキッチン まぐろと野菜の五目あんかけ,46,しいたけ水煮
25,具たっぷりグーグーキッチン まぐろと野菜の五目あんかけ,108,かつお昆布だし
25,具たっぷりグーグーキッチン まぐろと野菜の五目あんかけ,134,植物油脂
25,具たっぷりグーグーキッチン まぐろと野菜の五目あんかけ,139,食塩
25,具たっぷりグーグーキッチン まぐろと野菜の五目あんかけ,103,米酢
25,具たっぷりグーグーキッチン まぐろと野菜の五目あんかけ,100,加工でん粉
25,具たっぷりグーグーキッチン まぐろと野菜の五目あんかけ,146,ピロリン酸鉄
26,具たっぷりグーグーキッチン いわしと根菜の和風煮,70,にんじん
26,具たっぷりグーグーキッチン いわしと根菜の和風煮,56,ごぼう
26,具たっぷりグーグーキッチン いわしと根菜の和風煮,66,だいこん
26,具たっぷりグーグーキッチン いわしと根菜の和風煮,59,さやいんげん
26,具たっぷりグーグーキッチン いわしと根菜の和風煮,77,ほうれんそう
26,具たっぷりグーグーキッチン いわしと根菜の和風煮,1,いわし
26,具たっぷりグーグーキッチン いわしと根菜の和風煮,98,パン粉
26,具たっぷりグーグーキッチン いわしと根菜の和風煮,101,小麦粉
26,具たっぷりグーグーキッチン いわしと根菜の和風煮,61,たまねぎ
26,具たっぷりグーグーキッチン いわしと根菜の和風煮,134,植物油脂
26,具たっぷりグーグーキッチン いわしと根菜の和風煮,139,食塩
26,具たっぷりグーグーキッチン いわしと根菜の和風煮,40,大豆
26,具たっぷりグーグーキッチン いわしと根菜の和風煮,82,オニオンソテー
26,具たっぷりグーグーキッチン いわしと根菜の和風煮,124,しょうゆ
26,具たっぷりグーグーキッチン いわしと根菜の和風煮,136,砂糖
26,具たっぷりグーグーキッチン いわしと根菜の和風煮,103,米酢
26,具たっぷりグーグーキッチン いわしと根菜の和風煮,100,加工でん粉
26,具たっぷりグーグーキッチン いわしと根菜の和風煮,146,ピロリン酸鉄
27,具たっぷりグーグーキッチン ツナと野菜のミネストローネ,70,にんじん
27,具たっぷりグーグーキッチン ツナと野菜のミネストローネ,84,キャベツ
27,具たっぷりグーグーキッチン ツナと野菜のミネストローネ,77,ほうれんそう
27,具たっぷりグーグーキッチン ツナと野菜のミネストローネ,60,じゃがいも
27,具たっぷりグーグーキッチン ツナと野菜のミネストローネ,40,大豆
27,具たっぷりグーグーキッチン ツナと野菜のミネストローネ,82,オニオンソテー
27,具たっぷりグーグーキッチン ツナと野菜のミネストローネ,89,野菜ブイヨンペースト
27,具たっぷりグーグーキッチン ツナと野菜のミネストローネ,15,まぐろ水煮
27,具たっぷりグーグーキッチン ツナと野菜のミネストローネ,130,トマトケチャップ
27,具たっぷりグーグーキッチン ツナと野菜のミネストローネ,133,トマトペースト
27,具たっぷりグーグーキッチン ツナと野菜のミネストローネ,92,りんごピューレー
27,具たっぷりグーグーキッチン ツナと野菜のミネストローネ,134,植物油脂
27,具たっぷりグーグーキッチン ツナと野菜のミネストローネ,136,砂糖
27,具たっぷりグーグーキッチン ツナと野菜のミネストローネ,139,食塩
27,具たっぷりグーグーキッチン ツナと野菜のミネストローネ,100,加工でん粉
27,具たっぷりグーグーキッチン ツナと野菜のミネストローネ,146,ピロリン酸鉄
28,具たっぷりグーグーキッチン 野菜あんかけ豆腐ハンバーグ,24,鶏肉
28,具たっぷりグーグーキッチン 野菜あんかけ豆腐ハンバーグ,61,たまねぎ
28,具たっぷりグーグーキッチン 野菜あんかけ豆腐ハンバーグ,44,豆腐
28,具たっぷりグーグーキッチン 野菜あんかけ豆腐ハンバーグ,42,粒状大豆たん白
28,具たっぷりグーグーキッチン 野菜あんかけ豆腐ハンバーグ,95,でん粉
28,具たっぷりグーグーキッチン 野菜あんかけ豆腐ハンバーグ,41,粉末状大豆たん白
28,具たっぷりグーグーキッチン 野菜あんかけ豆腐ハンバーグ,139,食塩
28,具たっぷりグーグーキッチン 野菜あんかけ豆腐ハンバーグ,70,にんじん
28,具たっぷりグーグーキッチン 野菜あんかけ豆腐ハンバーグ,67,とうもろこし
28,具たっぷりグーグーキッチン 野菜あんかけ豆腐ハンバーグ,87,ブロッコリー
28,具たっぷりグーグーキッチン 野菜あんかけ豆腐ハンバーグ,60,じゃがいも
28,具たっぷりグーグーキッチン 野菜あんかけ豆腐ハンバーグ,82,オニオンソテー
28,具たっぷりグーグーキッチン 野菜あんかけ豆腐ハンバーグ,115,チキンブイヨン
28,具たっぷりグーグーキッチン 野菜あんかけ豆腐ハンバーグ,134,植物油脂
28,具たっぷりグーグーキッチン 野菜あんかけ豆腐ハンバーグ,136,砂糖
28,具たっぷりグーグーキッチン 野菜あんかけ豆腐ハンバーグ,46,しいたけ水煮
28,具たっぷりグーグーキッチン 野菜あんかけ豆腐ハンバーグ,112,チキンエキス
28,具たっぷりグーグーキッチン 野菜あんかけ豆腐ハンバーグ,103,米酢
28,具たっぷりグーグーキッチン 野菜あんかけ豆腐ハンバーグ,100,加工でん粉
28,具たっぷりグーグーキッチン 野菜あんかけ豆腐ハンバーグ,146,ピロリン酸鉄
29,具たっぷりグーグーキッチン さつまいもとかぼちゃのシチュー,70,にんじん
29,具たっぷりグーグーキッチン さつまいもとかぼちゃのシチュー,67,とうもろこし
29,具たっぷりグーグーキッチン さつまいもとかぼちゃのシチュー,59,さやいんげん
29,具たっぷりグーグーキッチン さつまいもとかぼちゃのシチュー,60,じゃがいも
29,具たっぷりグーグーキッチン さつまいもとかぼちゃのシチュー,43,豆乳
29,具たっぷりグーグーキッチン さつまいもとかぼちゃのシチュー,52,かぼちゃペースト
29,具たっぷりグーグーキッチン さつまいもとかぼちゃのシチュー,82,オニオンソテー
29,具たっぷりグーグーキッチン さつまいもとかぼちゃのシチュー,91,さつまいも
29,具たっぷりグーグーキッチン さつまいもとかぼちゃのシチュー,24,鶏肉
29,具たっぷりグーグーキッチン さつまいもとかぼちゃのシチュー,95,でん粉
29,具たっぷりグーグーキッチン さつまいもとかぼちゃのシチュー,42,粒状大豆たん白
29,具たっぷりグーグーキッチン さつまいもとかぼちゃのシチュー,41,粉末状大豆たん白
29,具たっぷりグーグーキッチン さつまいもとかぼちゃのシチュー,112,チキンエキス
29,具たっぷりグーグーキッチン さつまいもとかぼちゃのシチュー,136,砂糖
29,具たっぷりグーグーキッチン さつまいもとかぼちゃのシチュー,139,食塩
29,具たっぷりグーグーキッチン さつまいもとかぼちゃのシチュー,103,米酢
29,具たっぷりグーグーキッチン さつまいもとかぼちゃのシチュー,100,加工でん粉
29,具たっぷりグーグーキッチン さつまいもとかぼちゃのシチュー,148,炭酸カルシウム
29,具たっぷりグーグーキッチン さつまいもとかぼちゃのシチュー,143,クエン酸
30,具たっぷりグーグーキッチン チキンと野菜の豆乳ポトフ,70,にんじん
30,具たっぷりグーグーキッチン チキンと野菜の豆乳ポトフ,67,とうもろこし
30,具たっぷりグーグーキッチン チキンと野菜の豆乳ポトフ,59,さやいんげん
30,具たっぷりグーグーキッチン チキンと野菜の豆乳ポトフ,43,豆乳
30,具たっぷりグーグーキッチン チキンと野菜の豆乳ポトフ,60,じゃがいも
30,具たっぷりグーグーキッチン チキンと野菜の豆乳ポトフ,82,オニオンソテー
30,具たっぷりグーグーキッチン チキンと野菜の豆乳ポトフ,24,鶏肉
30,具たっぷりグーグーキッチン チキンと野菜の豆乳ポトフ,95,でん粉
30,具たっぷりグーグーキッチン チキンと野菜の豆乳ポトフ,42,粒状大豆たん白
30,具たっぷりグーグーキッチン チキンと野菜の豆乳ポトフ,41,粉末状大豆たん白
30,具たっぷりグーグーキッチン チキンと野菜の豆乳ポトフ,115,チキンブイヨン
30,具たっぷりグーグーキッチン チキンと野菜の豆乳ポトフ,46,しいたけ水煮
30,具たっぷりグーグーキッチン チキンと野菜の豆乳ポトフ,112,チキンエキス
30,具たっぷりグーグーキッチン チキンと野菜の豆乳ポトフ,139,食塩
30,具たっぷりグーグーキッチン チキンと野菜の豆乳ポトフ,103,米酢
30,具たっぷりグーグーキッチン チキンと野菜の豆乳ポトフ,100,加工でん粉
30,具たっぷりグーグーキッチン チキンと野菜の豆乳ポトフ,148,炭酸カルシウム
30,具たっぷりグーグーキッチン チキンと野菜の豆乳ポトフ,143,クエン酸
31,具たっぷりグーグーキッチン 煮込みハンバーグ（豆腐入り）,24,鶏肉
31,具たっぷりグーグーキッチン 煮込みハンバーグ（豆腐入り）,61,たまねぎ
31,具たっぷりグーグーキッチン 煮込みハンバーグ（豆腐入り）,44,豆腐
31,具たっぷりグーグーキッチン 煮込みハンバーグ（豆腐入り）,42,粒状大豆たん白
31,具たっぷりグーグーキッチン 煮込みハンバーグ（豆腐入り）,95,でん粉
31,具たっぷりグーグーキッチン 煮込みハンバーグ（豆腐入り）,41,粉末状大豆たん白
31,具たっぷりグーグーキッチン 煮込みハンバーグ（豆腐入り）,139,食塩
31,具たっぷりグーグーキッチン 煮込みハンバーグ（豆腐入り）,70,にんじん
31,具たっぷりグーグーキッチン 煮込みハンバーグ（豆腐入り）,84,キャベツ
31,具たっぷりグーグーキッチン 煮込みハンバーグ（豆腐入り）,86,ピーマン
31,具たっぷりグーグーキッチン 煮込みハンバーグ（豆腐入り）,60,じゃがいも
31,具たっぷりグーグーキッチン 煮込みハンバーグ（豆腐入り）,82,オニオンソテー
31,具たっぷりグーグーキッチン 煮込みハンバーグ（豆腐入り）,130,トマトケチャップ
31,具たっぷりグーグーキッチン 煮込みハンバーグ（豆腐入り）,124,しょうゆ
31,具たっぷりグーグーキッチン 煮込みハンバーグ（豆腐入り）,136,砂糖
31,具たっぷりグーグーキッチン 煮込みハンバーグ（豆腐入り）,115,チキンブイヨン
31,具たっぷりグーグーキッチン 煮込みハンバーグ（豆腐入り）,33,バター
31,具たっぷりグーグーキッチン 煮込みハンバーグ（豆腐入り）,133,トマトペースト
31,具たっぷりグーグーキッチン 煮込みハンバーグ（豆腐入り）,37,全粉乳
31,具たっぷりグーグーキッチン 煮込みハンバーグ（豆腐入り）,112,チキンエキス
31,具たっぷりグーグーキッチン 煮込みハンバーグ（豆腐入り）,100,加工でん粉
31,具たっぷりグーグーキッチン 煮込みハンバーグ（豆腐入り）,148,炭酸カルシウム
31,具たっぷりグーグーキッチン 煮込みハンバーグ（豆腐入り）,143,クエン酸
32,具たっぷりグーグーキッチン やわらかチキンのクリーム煮,70,にんじん
32,具たっぷりグーグーキッチン やわらかチキンのクリーム煮,67,とうもろこし
32,具たっぷりグーグーキッチン やわらかチキンのクリーム煮,87,ブロッコリー
32,具たっぷりグーグーキッチン やわらかチキンのクリーム煮,60,じゃがいも
32,具たっぷりグーグーキッチン やわらかチキンのクリーム煮,82,オニオンソテー
32,具たっぷりグーグーキッチン やわらかチキンのクリーム煮,24,鶏肉
32,具たっぷりグーグーキッチン やわらかチキンのクリーム煮,95,でん粉
32,具たっぷりグーグーキッチン やわらかチキンのクリーム煮,42,粒状大豆たん白
32,具たっぷりグーグーキッチン やわらかチキンのクリーム煮,41,粉末状大豆たん白
32,具たっぷりグーグーキッチン やわらかチキンのクリーム煮,31,チェダーチーズ
32,具たっぷりグーグーキッチン やわらかチキンのクリーム煮,30,クリーム
32,具たっぷりグーグーキッチン やわらかチキンのクリーム煮,33,バター
32,具たっぷりグーグーキッチン やわらかチキンのクリーム煮,37,全粉乳
32,具たっぷりグーグーキッチン やわらかチキンのクリーム煮,136,砂糖
32,具たっぷりグーグーキッチン やわらかチキンのクリーム煮,103,米酢
32,具たっぷりグーグーキッチン やわらかチキンのクリーム煮,116,チキン・フィッシュブイヨン
32,具たっぷりグーグーキッチン やわらかチキンのクリーム煮,139,食塩
32,具たっぷりグーグーキッチン やわらかチキンのクリーム煮,115,チキンブイヨン
32,具たっぷりグーグーキッチン やわらかチキンのクリーム煮,100,加工でん粉
32,具たっぷりグーグーキッチン やわらかチキンのクリーム煮,148,炭酸カルシウム
32,具たっぷりグーグーキッチン やわらかチキンのクリーム煮,143,クエン酸
33,具たっぷりグーグーキッチン 牛すき焼き卵とじ,43,豆乳
33,具たっぷりグーグーキッチン 牛すき焼き卵とじ,95,でん粉
33,具たっぷりグーグーキッチン 牛すき焼き卵とじ,97,デキストリン
33,具たっぷりグーグーキッチン 牛すき焼き卵とじ,70,にんじん
33,具たっぷりグーグーキッチン 牛すき焼き卵とじ,59,さやいんげん
33,具たっぷりグーグーキッチン 牛すき焼き卵とじ,60,じゃがいも
33,具たっぷりグーグーキッチン 牛すき焼き卵とじ,18,牛肉
33,具たっぷりグーグーキッチン 牛すき焼き卵とじ,26,卵白粉末
33,具たっぷりグーグーキッチン 牛すき焼き卵とじ,139,食塩
33,具たっぷりグーグーキッチン 牛すき焼き卵とじ,25,卵白
33,具たっぷりグーグーキッチン 牛すき焼き卵とじ,27,卵黄
33,具たっぷりグーグーキッチン 牛すき焼き卵とじ,82,オニオンソテー
33,具たっぷりグーグーキッチン 牛すき焼き卵とじ,108,かつお昆布だし
33,具たっぷりグーグーキッチン 牛すき焼き卵とじ,136,砂糖
33,具たっぷりグーグーキッチン 牛すき焼き卵とじ,124,しょうゆ
33,具たっぷりグーグーキッチン 牛すき焼き卵とじ,112,チキンエキス
33,具たっぷりグーグーキッチン 牛すき焼き卵とじ,134,植物油脂
33,具たっぷりグーグーキッチン 牛すき焼き卵とじ,46,しいたけ水煮
33,具たっぷりグーグーキッチン 牛すき焼き卵とじ,100,加工でん粉
33,具たっぷりグーグーキッチン 牛すき焼き卵とじ,45,豆腐用凝固剤
33,具たっぷりグーグーキッチン 牛すき焼き卵とじ,146,ピロリン酸鉄
34,具たっぷりグーグーキッチン 彩り野菜のマーボーどん,43,豆乳
34,具たっぷりグーグーキッチン 彩り野菜のマーボーどん,95,でん粉
34,具たっぷりグーグーキッチン 彩り野菜のマーボーどん,97,デキストリン
34,具たっぷりグーグーキッチン 彩り野菜のマーボーどん,67,とうもろこし
34,具たっぷりグーグーキッチン 彩り野菜のマーボーどん,70,にんじん
34,具たっぷりグーグーキッチン 彩り野菜のマーボーどん,86,ピーマン
34,具たっぷりグーグーキッチン 彩り野菜のマーボーどん,115,チキンブイヨン
34,具たっぷりグーグーキッチン 彩り野菜のマーボーどん,24,鶏肉
34,具たっぷりグーグーキッチン 彩り野菜のマーボーどん,82,オニオンソテー
34,具たっぷりグーグーキッチン 彩り野菜のマーボーどん,42,粒状大豆たん白
34,具たっぷりグーグーキッチン 彩り野菜のマーボーどん,41,粉末状大豆たん白
34,具たっぷりグーグーキッチン 彩り野菜のマーボーどん,112,チキンエキス
34,具たっぷりグーグーキッチン 彩り野菜のマーボーどん,136,砂糖
34,具たっぷりグーグーキッチン 彩り野菜のマーボーどん,124,しょうゆ
34,具たっぷりグーグーキッチン 彩り野菜のマーボーどん,122,ごま油
34,具たっぷりグーグーキッチン 彩り野菜のマーボーどん,127,みそ
34,具たっぷりグーグーキッチン 彩り野菜のマーボーどん,139,食塩
34,具たっぷりグーグーキッチン 彩り野菜のマーボーどん,125,にんにくペースト
34,具たっぷりグーグーキッチン 彩り野菜のマーボーどん,123,しょうがペースト
34,具たっぷりグーグーキッチン 彩り野菜のマーボーどん,100,加工でん粉
34,具たっぷりグーグーキッチン 彩り野菜のマーボーどん,45,豆腐用凝固剤
34,具たっぷりグーグーキッチン 彩り野菜のマーボーどん,146,ピロリン酸鉄
35,具たっぷりグーグーキッチン さばの味噌煮,70,にんじん
35,具たっぷりグーグーキッチン さばの味噌煮,84,キャベツ
35,具たっぷりグーグーキッチン さばの味噌煮,66,だいこん
35,具たっぷりグーグーキッチン さばの味噌煮,59,さやいんげん
35,具たっぷりグーグーキッチン さばの味噌煮,60,じゃがいも
35,具たっぷりグーグーキッチン さばの味噌煮,3,さばほぐし身
35,具たっぷりグーグーキッチン さばの味噌煮,40,大豆
35,具たっぷりグーグーキッチン さばの味噌煮,82,オニオンソテー
35,具たっぷりグーグーキッチン さばの味噌煮,138,粉末みそ
35,具たっぷりグーグーキッチン さばの味噌煮,136,砂糖
35,具たっぷりグーグーキッチン さばの味噌煮,124,しょうゆ
35,具たっぷりグーグーキッチン さばの味噌煮,123,しょうがペースト
35,具たっぷりグーグーキッチン さばの味噌煮,100,加工でん粉
35,具たっぷりグーグーキッチン さばの味噌煮,148,炭酸カルシウム
36,具たっぷりグーグーキッチン 八宝菜（具たっぷり）,70,にんじん
36,具たっぷりグーグーキッチン 八宝菜（具たっぷり）,67,とうもろこし
36,具たっぷりグーグーキッチン 八宝菜（具たっぷり）,84,キャベツ
36,具たっぷりグーグーキッチン 八宝菜（具たっぷり）,66,だいこん
36,具たっぷりグーグーキッチン 八宝菜（具たっぷり）,56,ごぼう
36,具たっぷりグーグーキッチン 八宝菜（具たっぷり）,86,ピーマン
36,具たっぷりグーグーキッチン 八宝菜（具たっぷり）,82,オニオンソテー
36,具たっぷりグーグーキッチン 八宝菜（具たっぷり）,20,豚肉
36,具たっぷりグーグーキッチン 八宝菜（具たっぷり）,95,でん粉
36,具たっぷりグーグーキッチン 八宝菜（具たっぷり）,139,食塩
36,具たっぷりグーグーキッチン 八宝菜（具たっぷり）,152,海藻粉末
36,具たっぷりグーグーキッチン 八宝菜（具たっぷり）,112,チキンエキス
36,具たっぷりグーグーキッチン 八宝菜（具たっぷり）,13,ほたてエキス
36,具たっぷりグーグーキッチン 八宝菜（具たっぷり）,136,砂糖
36,具たっぷりグーグーキッチン 八宝菜（具たっぷり）,124,しょうゆ
36,具たっぷりグーグーキッチン 八宝菜（具たっぷり）,122,ごま油
36,具たっぷりグーグーキッチン 八宝菜（具たっぷり）,100,加工でん粉
36,具たっぷりグーグーキッチン 八宝菜（具たっぷり）,146,ピロリン酸鉄
37,具たっぷりグーグーキッチン 野菜たっぷり豚汁,70,にんじん
37,具たっぷりグーグーキッチン 野菜たっぷり豚汁,56,ごぼう
37,具たっぷりグーグーキッチン 野菜たっぷり豚汁,66,だいこん
37,具たっぷりグーグーキッチン 野菜たっぷり豚汁,59,さやいんげん
37,具たっぷりグーグーキッチン 野菜たっぷり豚汁,43,豆乳
37,具たっぷりグーグーキッチン 野菜たっぷり豚汁,95,でん粉
37,具たっぷりグーグーキッチン 野菜たっぷり豚汁,97,デキストリン
37,具たっぷりグーグーキッチン 野菜たっぷり豚汁,82,オニオンソテー
37,具たっぷりグーグーキッチン 野菜たっぷり豚汁,20,豚肉
37,具たっぷりグーグーキッチン 野菜たっぷり豚汁,139,食塩
37,具たっぷりグーグーキッチン 野菜たっぷり豚汁,152,海藻粉末
37,具たっぷりグーグーキッチン 野菜たっぷり豚汁,60,じゃがいも
37,具たっぷりグーグーキッチン 野菜たっぷり豚汁,108,かつお昆布だし
37,具たっぷりグーグーキッチン 野菜たっぷり豚汁,138,粉末みそ
37,具たっぷりグーグーキッチン 野菜たっぷり豚汁,136,砂糖
37,具たっぷりグーグーキッチン 野菜たっぷり豚汁,124,しょうゆ
37,具たっぷりグーグーキッチン 野菜たっぷり豚汁,112,チキンエキス
37,具たっぷりグーグーキッチン 野菜たっぷり豚汁,134,植物油脂
37,具たっぷりグーグーキッチン 野菜たっぷり豚汁,100,加工でん粉
37,具たっぷりグーグーキッチン 野菜たっぷり豚汁,45,豆腐用凝固剤
37,具たっぷりグーグーキッチン 野菜たっぷり豚汁,146,ピロリン酸鉄
38,具たっぷりグーグーキッチン やわらかポークチャップ（鶏レバー入り）,70,にんじん
38,具たっぷりグーグーキッチン やわらかポークチャップ（鶏レバー入り）,67,とうもろこし
38,具たっぷりグーグーキッチン やわらかポークチャップ（鶏レバー入り）,86,ピーマン
38,具たっぷりグーグーキッチン やわらかポークチャップ（鶏レバー入り）,60,じゃがいも
38,具たっぷりグーグーキッチン やわらかポークチャップ（鶏レバー入り）,82,オニオンソテー
38,具たっぷりグーグーキッチン やわらかポークチャップ（鶏レバー入り）,20,豚肉
38,具たっぷりグーグーキッチン やわらかポークチャップ（鶏レバー入り）,22,鶏レバー
38,具たっぷりグーグーキッチン やわらかポークチャップ（鶏レバー入り）,95,でん粉
38,具たっぷりグーグーキッチン やわらかポークチャップ（鶏レバー入り）,25,卵白
38,具たっぷりグーグーキッチン やわらかポークチャップ（鶏レバー入り）,139,食塩
38,具たっぷりグーグーキッチン やわらかポークチャップ（鶏レバー入り）,130,トマトケチャップ
38,具たっぷりグーグーキッチン やわらかポークチャップ（鶏レバー入り）,115,チキンブイヨン
38,具たっぷりグーグーキッチン やわらかポークチャップ（鶏レバー入り）,136,砂糖
38,具たっぷりグーグーキッチン やわらかポークチャップ（鶏レバー入り）,89,野菜ブイヨンペースト
38,具たっぷりグーグーキッチン やわらかポークチャップ（鶏レバー入り）,127,みそ
38,具たっぷりグーグーキッチン やわらかポークチャップ（鶏レバー入り）,121,酵母エキス粉末
38,具たっぷりグーグーキッチン やわらかポークチャップ（鶏レバー入り）,100,加工でん粉
38,具たっぷりグーグーキッチン やわらかポークチャップ（鶏レバー入り）,146,ピロリン酸鉄
39,具たっぷりグーグーキッチン さばのトマトカレー,70,にんじん
39,具たっぷりグーグーキッチン さばのトマトカレー,67,とうもろこし
39,具たっぷりグーグーキッチン さばのトマトカレー,87,ブロッコリー
39,具たっぷりグーグーキッチン さばのトマトカレー,60,じゃがいも
39,具たっぷりグーグーキッチン さばのトマトカレー,82,オニオンソテー
39,具たっぷりグーグーキッチン さばのトマトカレー,133,トマトペースト
39,具たっぷりグーグーキッチン さばのトマトカレー,38,牛乳
39,具たっぷりグーグーキッチン さばのトマトカレー,3,さばほぐし身
39,具たっぷりグーグーキッチン さばのトマトカレー,112,チキンエキス
39,具たっぷりグーグーキッチン さばのトマトカレー,136,砂糖
39,具たっぷりグーグーキッチン さばのトマトカレー,129,カレー粉
39,具たっぷりグーグーキッチン さばのトマトカレー,139,食塩
39,具たっぷりグーグーキッチン さばのトマトカレー,134,植物油脂
39,具たっぷりグーグーキッチン さばのトマトカレー,33,バター
39,具たっぷりグーグーキッチン さばのトマトカレー,100,加工でん粉
39,具たっぷりグーグーキッチン さばのトマトカレー,146,ピロリン酸鉄
40,具たっぷりグーグーキッチン 鮭とほうれん草のシチュー,70,にんじん
40,具たっぷりグーグーキッチン 鮭とほうれん草のシチュー,67,とうもろこし
40,具たっぷりグーグーキッチン 鮭とほうれん草のシチュー,77,ほうれんそう
40,具たっぷりグーグーキッチン 鮭とほうれん草のシチュー,84,キャベツ
40,具たっぷりグーグーキッチン 鮭とほうれん草のシチュー,60,じゃがいも
40,具たっぷりグーグーキッチン 鮭とほうれん草のシチュー,82,オニオンソテー
40,具たっぷりグーグーキッチン 鮭とほうれん草のシチュー,2,さけほぐし身
40,具たっぷりグーグーキッチン 鮭とほうれん草のシチュー,30,クリーム
40,具たっぷりグーグーキッチン 鮭とほうれん草のシチュー,7,たいエキス
40,具たっぷりグーグーキッチン 鮭とほうれん草のシチュー,136,砂糖
40,具たっぷりグーグーキッチン 鮭とほうれん草のシチュー,134,植物油脂
40,具たっぷりグーグーキッチン 鮭とほうれん草のシチュー,33,バター
40,具たっぷりグーグーキッチン 鮭とほうれん草のシチュー,139,食塩
40,具たっぷりグーグーキッチン 鮭とほうれん草のシチュー,100,加工でん粉
40,具たっぷりグーグーキッチン 鮭とほうれん草のシチュー,148,炭酸カルシウム
40,具たっぷりグーグーキッチン 鮭とほうれん草のシチュー,143,クエン酸
41,1食分の野菜が摂れるグーグーキッチン ラタトゥイユ,70,にんじん
41,1食分の野菜が摂れるグーグーキッチン ラタトゥイユ,84,キャベツ
41,1食分の野菜が摂れるグーグーキッチン ラタトゥイユ,86,ピーマン
41,1食分の野菜が摂れるグーグーキッチン ラタトゥイユ,66,だいこん
41,1食分の野菜が摂れるグーグーキッチン ラタトゥイユ,83,カリフラワー
41,1食分の野菜が摂れるグーグーキッチン ラタトゥイユ,87,ブロッコリー
41,1食分の野菜が摂れるグーグーキッチン ラタトゥイユ,60,じゃがいも
41,1食分の野菜が摂れるグーグーキッチン ラタトゥイユ,130,トマトケチャップ
41,1食分の野菜が摂れるグーグーキッチン ラタトゥイユ,15,まぐろ水煮
41,1食分の野菜が摂れるグーグーキッチン ラタトゥイユ,133,トマトペースト
41,1食分の野菜が摂れるグーグーキッチン ラタトゥイユ,89,野菜ブイヨンペースト
41,1食分の野菜が摂れるグーグーキッチン ラタトゥイユ,40,大豆
41,1食分の野菜が摂れるグーグーキッチン ラタトゥイユ,82,オニオンソテー
41,1食分の野菜が摂れるグーグーキッチン ラタトゥイユ,134,植物油脂
41,1食分の野菜が摂れるグーグーキッチン ラタトゥイユ,136,砂糖
41,1食分の野菜が摂れるグーグーキッチン ラタトゥイユ,52,かぼちゃペースト
41,1食分の野菜が摂れるグーグーキッチン ラタトゥイユ,68,とうもろこしペースト
41,1食分の野菜が摂れるグーグーキッチン ラタトゥイユ,139,食塩
41,1食分の野菜が摂れるグーグーキッチン ラタトゥイユ,100,加工でん粉
42,1食分の野菜が摂れるグーグーキッチン 八宝菜（1食分の野菜）,70,にんじん
42,1食分の野菜が摂れるグーグーキッチン 八宝菜（1食分の野菜）,66,だいこん
42,1食分の野菜が摂れるグーグーキッチン 八宝菜（1食分の野菜）,84,キャベツ
42,1食分の野菜が摂れるグーグーキッチン 八宝菜（1食分の野菜）,56,ごぼう
42,1食分の野菜が摂れるグーグーキッチン 八宝菜（1食分の野菜）,59,さやいんげん
42,1食分の野菜が摂れるグーグーキッチン 八宝菜（1食分の野菜）,86,ピーマン
42,1食分の野菜が摂れるグーグーキッチン 八宝菜（1食分の野菜）,77,ほうれんそう
42,1食分の野菜が摂れるグーグーキッチン 八宝菜（1食分の野菜）,54,こまつな
42,1食分の野菜が摂れるグーグーキッチン 八宝菜（1食分の野菜）,87,ブロッコリー
42,1食分の野菜が摂れるグーグーキッチン 八宝菜（1食分の野菜）,82,オニオンソテー
42,1食分の野菜が摂れるグーグーキッチン 八宝菜（1食分の野菜）,60,じゃがいも
42,1食分の野菜が摂れるグーグーキッチン 八宝菜（1食分の野菜）,21,鶏ほぐし身
42,1食分の野菜が摂れるグーグーキッチン 八宝菜（1食分の野菜）,112,チキンエキス
42,1食分の野菜が摂れるグーグーキッチン 八宝菜（1食分の野菜）,136,砂糖
42,1食分の野菜が摂れるグーグーキッチン 八宝菜（1食分の野菜）,122,ごま油
42,1食分の野菜が摂れるグーグーキッチン 八宝菜（1食分の野菜）,115,チキンブイヨン
42,1食分の野菜が摂れるグーグーキッチン 八宝菜（1食分の野菜）,13,ほたてエキス
42,1食分の野菜が摂れるグーグーキッチン 八宝菜（1食分の野菜）,139,食塩
42,1食分の野菜が摂れるグーグーキッチン 八宝菜（1食分の野菜）,103,米酢
42,1食分の野菜が摂れるグーグーキッチン 八宝菜（1食分の野菜）,100,加工でん粉
43,1食分の野菜が摂れるグーグーキッチン 鮭と根菜の炊き込みごはん,70,にんじん
43,1食分の野菜が摂れるグーグーキッチン 鮭と根菜の炊き込みごはん,66,だいこん
43,1食分の野菜が摂れるグーグーキッチン 鮭と根菜の炊き込みごはん,84,キャベツ
43,1食分の野菜が摂れるグーグーキッチン 鮭と根菜の炊き込みごはん,87,ブロッコリー
43,1食分の野菜が摂れるグーグーキッチン 鮭と根菜の炊き込みごはん,86,ピーマン
43,1食分の野菜が摂れるグーグーキッチン 鮭と根菜の炊き込みごはん,83,カリフラワー
43,1食分の野菜が摂れるグーグーキッチン 鮭と根菜の炊き込みごはん,56,ごぼう
43,1食分の野菜が摂れるグーグーキッチン 鮭と根菜の炊き込みごはん,59,さやいんげん
43,1食分の野菜が摂れるグーグーキッチン 鮭と根菜の炊き込みごはん,77,ほうれんそう
43,1食分の野菜が摂れるグーグーキッチン 鮭と根菜の炊き込みごはん,104,精白米
43,1食分の野菜が摂れるグーグーキッチン 鮭と根菜の炊き込みごはん,82,オニオンソテー
43,1食分の野菜が摂れるグーグーキッチン 鮭と根菜の炊き込みごはん,108,かつお昆布だし
43,1食分の野菜が摂れるグーグーキッチン 鮭と根菜の炊き込みごはん,2,さけほぐし身
43,1食分の野菜が摂れるグーグーキッチン 鮭と根菜の炊き込みごはん,136,砂糖
43,1食分の野菜が摂れるグーグーキッチン 鮭と根菜の炊き込みごはん,124,しょうゆ
43,1食分の野菜が摂れるグーグーキッチン 鮭と根菜の炊き込みごはん,11,ちりめんエキス
43,1食分の野菜が摂れるグーグーキッチン 鮭と根菜の炊き込みごはん,13,ほたてエキス
43,1食分の野菜が摂れるグーグーキッチン 鮭と根菜の炊き込みごはん,103,米酢
43,1食分の野菜が摂れるグーグーキッチン 鮭と根菜の炊き込みごはん,139,食塩
43,1食分の野菜が摂れるグーグーキッチン 鮭と根菜の炊き込みごはん,100,加工でん粉
44,1食分の野菜が摂れるグーグーキッチン 煮込みうどん,70,にんじん
44,1食分の野菜が摂れるグーグーキッチン 煮込みうどん,84,キャベツ
44,1食分の野菜が摂れるグーグーキッチン 煮込みうどん,66,だいこん
44,1食分の野菜が摂れるグーグーキッチン 煮込みうどん,87,ブロッコリー
44,1食分の野菜が摂れるグーグーキッチン 煮込みうどん,59,さやいんげん
44,1食分の野菜が摂れるグーグーキッチン 煮込みうどん,77,ほうれんそう
44,1食分の野菜が摂れるグーグーキッチン 煮込みうどん,83,カリフラワー
44,1食分の野菜が摂れるグーグーキッチン 煮込みうどん,54,こまつな
44,1食分の野菜が摂れるグーグーキッチン 煮込みうどん,94,うどん
44,1食分の野菜が摂れるグーグーキッチン 煮込みうどん,82,オニオンソテー
44,1食分の野菜が摂れるグーグーキッチン 煮込みうどん,105,かつおだし
44,1食分の野菜が摂れるグーグーキッチン 煮込みうどん,20,豚肉
44,1食分の野菜が摂れるグーグーキッチン 煮込みうどん,95,でん粉
44,1食分の野菜が摂れるグーグーキッチン 煮込みうどん,139,食塩
44,1食分の野菜が摂れるグーグーキッチン 煮込みうどん,152,海藻粉末
44,1食分の野菜が摂れるグーグーキッチン 煮込みうどん,52,かぼちゃペースト
44,1食分の野菜が摂れるグーグーキッチン 煮込みうどん,127,みそ
44,1食分の野菜が摂れるグーグーキッチン 煮込みうどん,136,砂糖
44,1食分の野菜が摂れるグーグーキッチン 煮込みうどん,124,しょうゆ
44,1食分の野菜が摂れるグーグーキッチン 煮込みうどん,28,鶏卵
44,1食分の野菜が摂れるグーグーキッチン 煮込みうどん,112,チキンエキス
44,1食分の野菜が摂れるグーグーキッチン 煮込みうどん,103,米酢
44,1食分の野菜が摂れるグーグーキッチン 煮込みうどん,100,加工でん粉
45,1食分の野菜が摂れるグーグーキッチン 海鮮チャーハン,70,にんじん
45,1食分の野菜が摂れるグーグーキッチン 海鮮チャーハン,66,だいこん
45,1食分の野菜が摂れるグーグーキッチン 海鮮チャーハン,84,キャベツ
45,1食分の野菜が摂れるグーグーキッチン 海鮮チャーハン,87,ブロッコリー
45,1食分の野菜が摂れるグーグーキッチン 海鮮チャーハン,77,ほうれんそう
45,1食分の野菜が摂れるグーグーキッチン 海鮮チャーハン,83,カリフラワー
45,1食分の野菜が摂れるグーグーキッチン 海鮮チャーハン,59,さやいんげん
45,1食分の野菜が摂れるグーグーキッチン 海鮮チャーハン,86,ピーマン
45,1食分の野菜が摂れるグーグーキッチン 海鮮チャーハン,104,精白米
45,1食分の野菜が摂れるグーグーキッチン 海鮮チャーハン,82,オニオンソテー
45,1食分の野菜が摂れるグーグーキッチン 海鮮チャーハン,68,とうもろこしペースト
45,1食分の野菜が摂れるグーグーキッチン 海鮮チャーハン,2,さけほぐし身
45,1食分の野菜が摂れるグーグーキッチン 海鮮チャーハン,25,卵白
45,1食分の野菜が摂れるグーグーキッチン 海鮮チャーハン,7,たいエキス
45,1食分の野菜が摂れるグーグーキッチン 海鮮チャーハン,4,しらす
45,1食分の野菜が摂れるグーグーキッチン 海鮮チャーハン,27,卵黄
45,1食分の野菜が摂れるグーグーキッチン 海鮮チャーハン,124,しょうゆ
45,1食分の野菜が摂れるグーグーキッチン 海鮮チャーハン,112,チキンエキス
45,1食分の野菜が摂れるグーグーキッチン 海鮮チャーハン,136,砂糖
45,1食分の野菜が摂れるグーグーキッチン 海鮮チャーハン,122,ごま油
45,1食分の野菜が摂れるグーグーキッチン 海鮮チャーハン,103,米酢
45,1食分の野菜が摂れるグーグーキッチン 海鮮チャーハン,139,食塩
45,1食分の野菜が摂れるグーグーキッチン 海鮮チャーハン,100,加工でん粉
46,1食分の野菜が摂れるグーグーキッチン 豆乳ドリア,70,にんじん
46,1食分の野菜が摂れるグーグーキッチン 豆乳ドリア,66,だいこん
46,1食分の野菜が摂れるグーグーキッチン 豆乳ドリア,87,ブロッコリー
46,1食分の野菜が摂れるグーグーキッチン 豆乳ドリア,83,カリフラワー
46,1食分の野菜が摂れるグーグーキッチン 豆乳ドリア,59,さやいんげん
46,1食分の野菜が摂れるグーグーキッチン 豆乳ドリア,86,ピーマン
46,1食分の野菜が摂れるグーグーキッチン 豆乳ドリア,77,ほうれんそう
46,1食分の野菜が摂れるグーグーキッチン 豆乳ドリア,43,豆乳
46,1食分の野菜が摂れるグーグーキッチン 豆乳ドリア,104,精白米
46,1食分の野菜が摂れるグーグーキッチン 豆乳ドリア,82,オニオンソテー
46,1食分の野菜が摂れるグーグーキッチン 豆乳ドリア,21,鶏ほぐし身
46,1食分の野菜が摂れるグーグーキッチン 豆乳ドリア,52,かぼちゃペースト
46,1食分の野菜が摂れるグーグーキッチン 豆乳ドリア,68,とうもろこしペースト
46,1食分の野菜が摂れるグーグーキッチン 豆乳ドリア,112,チキンエキス
46,1食分の野菜が摂れるグーグーキッチン 豆乳ドリア,136,砂糖
46,1食分の野菜が摂れるグーグーキッチン 豆乳ドリア,115,チキンブイヨン
46,1食分の野菜が摂れるグーグーキッチン 豆乳ドリア,139,食塩
46,1食分の野菜が摂れるグーグーキッチン 豆乳ドリア,103,米酢
46,1食分の野菜が摂れるグーグーキッチン 豆乳ドリア,100,加工でん粉
47,1食分の野菜が摂れるグーグーキッチン 和風雑炊,70,にんじん
47,1食分の野菜が摂れるグーグーキッチン 和風雑炊,84,キャベツ
47,1食分の野菜が摂れるグーグーキッチン 和風雑炊,66,だいこん
47,1食分の野菜が摂れるグーグーキッチン 和風雑炊,87,ブロッコリー
47,1食分の野菜が摂れるグーグーキッチン 和風雑炊,59,さやいんげん
47,1食分の野菜が摂れるグーグーキッチン 和風雑炊,83,カリフラワー
47,1食分の野菜が摂れるグーグーキッチン 和風雑炊,104,精白米
47,1食分の野菜が摂れるグーグーキッチン 和風雑炊,82,オニオンソテー
47,1食分の野菜が摂れるグーグーキッチン 和風雑炊,25,卵白
47,1食分の野菜が摂れるグーグーキッチン 和風雑炊,108,かつお昆布だし
47,1食分の野菜が摂れるグーグーキッチン 和風雑炊,27,卵黄
47,1食分の野菜が摂れるグーグーキッチン 和風雑炊,49,かぶペースト
47,1食分の野菜が摂れるグーグーキッチン 和風雑炊,68,とうもろこしペースト
47,1食分の野菜が摂れるグーグーキッチン 和風雑炊,76,はくさいペースト
47,1食分の野菜が摂れるグーグーキッチン 和風雑炊,124,しょうゆ
47,1食分の野菜が摂れるグーグーキッチン 和風雑炊,136,砂糖
47,1食分の野菜が摂れるグーグーキッチン 和風雑炊,13,ほたてエキス
47,1食分の野菜が摂れるグーグーキッチン 和風雑炊,103,米酢
47,1食分の野菜が摂れるグーグーキッチン 和風雑炊,139,食塩
47,1食分の野菜が摂れるグーグーキッチン 和風雑炊,100,加工でん粉
48,1食分の野菜が摂れるグーグーキッチン きんぴら,70,にんじん
48,1食分の野菜が摂れるグーグーキッチン きんぴら,66,だいこん
48,1食分の野菜が摂れるグーグーキッチン きんぴら,56,ごぼう
48,1食分の野菜が摂れるグーグーキッチン きんぴら,84,キャベツ
48,1食分の野菜が摂れるグーグーキッチン きんぴら,81,れんこん
48,1食分の野菜が摂れるグーグーキッチン きんぴら,87,ブロッコリー
48,1食分の野菜が摂れるグーグーキッチン きんぴら,59,さやいんげん
48,1食分の野菜が摂れるグーグーキッチン きんぴら,86,ピーマン
48,1食分の野菜が摂れるグーグーキッチン きんぴら,77,ほうれんそう
48,1食分の野菜が摂れるグーグーキッチン きんぴら,82,オニオンソテー
48,1食分の野菜が摂れるグーグーキッチン きんぴら,40,大豆
48,1食分の野菜が摂れるグーグーキッチン きんぴら,124,しょうゆ
48,1食分の野菜が摂れるグーグーキッチン きんぴら,136,砂糖
48,1食分の野菜が摂れるグーグーキッチン きんぴら,122,ごま油
48,1食分の野菜が摂れるグーグーキッチン きんぴら,13,ほたてエキス
48,1食分の野菜が摂れるグーグーキッチン きんぴら,139,食塩
48,1食分の野菜が摂れるグーグーキッチン きんぴら,103,米酢
48,1食分の野菜が摂れるグーグーキッチン きんぴら,100,加工でん粉
49,1食分の野菜が摂れるグーグーキッチン ホワイトシチュー,70,にんじん
49,1食分の野菜が摂れるグーグーキッチン ホワイトシチュー,84,キャベツ
49,1食分の野菜が摂れるグーグーキッチン ホワイトシチュー,87,ブロッコリー
49,1食分の野菜が摂れるグーグーキッチン ホワイトシチュー,83,カリフラワー
49,1食分の野菜が摂れるグーグーキッチン ホワイトシチュー,54,こまつな
49,1食分の野菜が摂れるグーグーキッチン ホワイトシチュー,59,さやいんげん
49,1食分の野菜が摂れるグーグーキッチン ホワイトシチュー,77,ほうれんそう
49,1食分の野菜が摂れるグーグーキッチン ホワイトシチュー,82,オニオンソテー
49,1食分の野菜が摂れるグーグーキッチン ホワイトシチュー,49,かぶペースト
49,1食分の野菜が摂れるグーグーキッチン ホワイトシチュー,60,じゃがいも
49,1食分の野菜が摂れるグーグーキッチン ホワイトシチュー,24,鶏肉
49,1食分の野菜が摂れるグーグーキッチン ホワイトシチュー,95,でん粉
49,1食分の野菜が摂れるグーグーキッチン ホワイトシチュー,42,粒状大豆たん白
49,1食分の野菜が摂れるグーグーキッチン ホワイトシチュー,41,粉末状大豆たん白
49,1食分の野菜が摂れるグーグーキッチン ホワイトシチュー,30,クリーム
49,1食分の野菜が摂れるグーグーキッチン ホワイトシチュー,33,バター
49,1食分の野菜が摂れるグーグーキッチン ホワイトシチュー,136,砂糖
49,1食分の野菜が摂れるグーグーキッチン ホワイトシチュー,52,かぼちゃペースト
49,1食分の野菜が摂れるグーグーキッチン ホワイトシチュー,112,チキンエキス
49,1食分の野菜が摂れるグーグーキッチン ホワイトシチュー,139,食塩
49,1食分の野菜が摂れるグーグーキッチン ホワイトシチュー,103,米酢
49,1食分の野菜が摂れるグーグーキッチン ホワイトシチュー,101,小麦粉
49,1食分の野菜が摂れるグーグーキッチン ホワイトシチュー,100,加工でん粉
50,1食分の野菜が摂れるグーグーキッチン すき焼き風煮,70,にんじん
50,1食分の野菜が摂れるグーグーキッチン すき焼き風煮,66,だいこん
50,1食分の野菜が摂れるグーグーキッチン すき焼き風煮,84,キャベツ
50,1食分の野菜が摂れるグーグーキッチン すき焼き風煮,77,ほうれんそう
50,1食分の野菜が摂れるグーグーキッチン すき焼き風煮,54,こまつな
50,1食分の野菜が摂れるグーグーキッチン すき焼き風煮,59,さやいんげん
50,1食分の野菜が摂れるグーグーキッチン すき焼き風煮,86,ピーマン
50,1食分の野菜が摂れるグーグーキッチン すき焼き風煮,87,ブロッコリー
50,1食分の野菜が摂れるグーグーキッチン すき焼き風煮,82,オニオンソテー
50,1食分の野菜が摂れるグーグーキッチン すき焼き風煮,44,豆腐
50,1食分の野菜が摂れるグーグーキッチン すき焼き風煮,18,牛肉
50,1食分の野菜が摂れるグーグーキッチン すき焼き風煮,95,でん粉
50,1食分の野菜が摂れるグーグーキッチン すき焼き風煮,152,海藻粉末
50,1食分の野菜が摂れるグーグーキッチン すき焼き風煮,139,食塩
50,1食分の野菜が摂れるグーグーキッチン すき焼き風煮,124,しょうゆ
50,1食分の野菜が摂れるグーグーキッチン すき焼き風煮,76,はくさいペースト
50,1食分の野菜が摂れるグーグーキッチン すき焼き風煮,108,かつお昆布だし
50,1食分の野菜が摂れるグーグーキッチン すき焼き風煮,136,砂糖
50,1食分の野菜が摂れるグーグーキッチン すき焼き風煮,92,りんごピューレー
50,1食分の野菜が摂れるグーグーキッチン すき焼き風煮,115,チキンブイヨン
50,1食分の野菜が摂れるグーグーキッチン すき焼き風煮,112,チキンエキス
50,1食分の野菜が摂れるグーグーキッチン すき焼き風煮,114,チキンオイル
50,1食分の野菜が摂れるグーグーキッチン すき焼き風煮,103,米酢
50,1食分の野菜が摂れるグーグーキッチン すき焼き風煮,100,加工でん粉
50,1食分の野菜が摂れるグーグーキッチン すき焼き風煮,45,豆腐用凝固剤
51,1食分の野菜が摂れるグーグーキッチン 筑前煮（1食分の野菜）,70,にんじん
51,1食分の野菜が摂れるグーグーキッチン 筑前煮（1食分の野菜）,84,キャベツ
51,1食分の野菜が摂れるグーグーキッチン 筑前煮（1食分の野菜）,66,だいこん
51,1食分の野菜が摂れるグーグーキッチン 筑前煮（1食分の野菜）,56,ごぼう
51,1食分の野菜が摂れるグーグーキッチン 筑前煮（1食分の野菜）,87,ブロッコリー
51,1食分の野菜が摂れるグーグーキッチン 筑前煮（1食分の野菜）,59,さやいんげん
51,1食分の野菜が摂れるグーグーキッチン 筑前煮（1食分の野菜）,77,ほうれんそう
51,1食分の野菜が摂れるグーグーキッチン 筑前煮（1食分の野菜）,83,カリフラワー
51,1食分の野菜が摂れるグーグーキッチン 筑前煮（1食分の野菜）,54,こまつな
51,1食分の野菜が摂れるグーグーキッチン 筑前煮（1食分の野菜）,82,オニオンソテー
51,1食分の野菜が摂れるグーグーキッチン 筑前煮（1食分の野菜）,60,じゃがいも
51,1食分の野菜が摂れるグーグーキッチン 筑前煮（1食分の野菜）,24,鶏肉
51,1食分の野菜が摂れるグーグーキッチン 筑前煮（1食分の野菜）,95,でん粉
51,1食分の野菜が摂れるグーグーキッチン 筑前煮（1食分の野菜）,42,粒状大豆たん白
51,1食分の野菜が摂れるグーグーキッチン 筑前煮（1食分の野菜）,41,粉末状大豆たん白
51,1食分の野菜が摂れるグーグーキッチン 筑前煮（1食分の野菜）,108,かつお昆布だし
51,1食分の野菜が摂れるグーグーキッチン 筑前煮（1食分の野菜）,136,砂糖
51,1食分の野菜が摂れるグーグーキッチン 筑前煮（1食分の野菜）,124,しょうゆ
51,1食分の野菜が摂れるグーグーキッチン 筑前煮（1食分の野菜）,112,チキンエキス
51,1食分の野菜が摂れるグーグーキッチン 筑前煮（1食分の野菜）,134,植物油脂
51,1食分の野菜が摂れるグーグーキッチン 筑前煮（1食分の野菜）,139,食塩
51,1食分の野菜が摂れるグーグーキッチン 筑前煮（1食分の野菜）,103,米酢
51,1食分の野菜が摂れるグーグーキッチン 筑前煮（1食分の野菜）,100,加工でん粉
52,1食分の野菜が摂れるグーグーキッチン 鯛のアクアパッツァ,70,にんじん
52,1食分の野菜が摂れるグーグーキッチン 鯛のアクアパッツァ,67,とうもろこし
52,1食分の野菜が摂れるグーグーキッチン 鯛のアクアパッツァ,66,だいこん
52,1食分の野菜が摂れるグーグーキッチン 鯛のアクアパッツァ,84,キャベツ
52,1食分の野菜が摂れるグーグーキッチン 鯛のアクアパッツァ,87,ブロッコリー
52,1食分の野菜が摂れるグーグーキッチン 鯛のアクアパッツァ,59,さやいんげん
52,1食分の野菜が摂れるグーグーキッチン 鯛のアクアパッツァ,86,ピーマン
52,1食分の野菜が摂れるグーグーキッチン 鯛のアクアパッツァ,60,じゃがいも
52,1食分の野菜が摂れるグーグーキッチン 鯛のアクアパッツァ,82,オニオンソテー
52,1食分の野菜が摂れるグーグーキッチン 鯛のアクアパッツァ,6,たいほぐし身
52,1食分の野菜が摂れるグーグーキッチン 鯛のアクアパッツァ,133,トマトペースト
52,1食分の野菜が摂れるグーグーキッチン 鯛のアクアパッツァ,115,チキンブイヨン
52,1食分の野菜が摂れるグーグーキッチン 鯛のアクアパッツァ,49,かぶペースト
52,1食分の野菜が摂れるグーグーキッチン 鯛のアクアパッツァ,136,砂糖
52,1食分の野菜が摂れるグーグーキッチン 鯛のアクアパッツァ,139,食塩
52,1食分の野菜が摂れるグーグーキッチン 鯛のアクアパッツァ,89,野菜ブイヨンペースト
52,1食分の野菜が摂れるグーグーキッチン 鯛のアクアパッツァ,100,加工でん粉
53,1食分の野菜が摂れるグーグーキッチン 鶏ごぼうの釜めし,70,にんじん
53,1食分の野菜が摂れるグーグーキッチン 鶏ごぼうの釜めし,66,だいこん
53,1食分の野菜が摂れるグーグーキッチン 鶏ごぼうの釜めし,56,ごぼう
53,1食分の野菜が摂れるグーグーキッチン 鶏ごぼうの釜めし,87,ブロッコリー
53,1食分の野菜が摂れるグーグーキッチン 鶏ごぼうの釜めし,84,キャベツ
53,1食分の野菜が摂れるグーグーキッチン 鶏ごぼうの釜めし,59,さやいんげん
53,1食分の野菜が摂れるグーグーキッチン 鶏ごぼうの釜めし,77,ほうれんそう
53,1食分の野菜が摂れるグーグーキッチン 鶏ごぼうの釜めし,82,オニオンソテー
53,1食分の野菜が摂れるグーグーキッチン 鶏ごぼうの釜めし,104,精白米
53,1食分の野菜が摂れるグーグーキッチン 鶏ごぼうの釜めし,24,鶏肉
53,1食分の野菜が摂れるグーグーキッチン 鶏ごぼうの釜めし,95,でん粉
53,1食分の野菜が摂れるグーグーキッチン 鶏ごぼうの釜めし,42,粒状大豆たん白
53,1食分の野菜が摂れるグーグーキッチン 鶏ごぼうの釜めし,41,粉末状大豆たん白
53,1食分の野菜が摂れるグーグーキッチン 鶏ごぼうの釜めし,49,かぶペースト
53,1食分の野菜が摂れるグーグーキッチン 鶏ごぼうの釜めし,105,かつおだし
53,1食分の野菜が摂れるグーグーキッチン 鶏ごぼうの釜めし,136,砂糖
53,1食分の野菜が摂れるグーグーキッチン 鶏ごぼうの釜めし,124,しょうゆ
53,1食分の野菜が摂れるグーグーキッチン 鶏ごぼうの釜めし,76,はくさいペースト
53,1食分の野菜が摂れるグーグーキッチン 鶏ごぼうの釜めし,112,チキンエキス
53,1食分の野菜が摂れるグーグーキッチン 鶏ごぼうの釜めし,139,食塩
53,1食分の野菜が摂れるグーグーキッチン 鶏ごぼうの釜めし,103,米酢
53,1食分の野菜が摂れるグーグーキッチン 鶏ごぼうの釜めし,100,加工でん粉
54,1食分の野菜が摂れるグーグーキッチン ちゃんぽんうどん,66,だいこん
54,1食分の野菜が摂れるグーグーキッチン ちゃんぽんうどん,70,にんじん
54,1食分の野菜が摂れるグーグーキッチン ちゃんぽんうどん,84,キャベツ
54,1食分の野菜が摂れるグーグーキッチン ちゃんぽんうどん,67,とうもろこし
54,1食分の野菜が摂れるグーグーキッチン ちゃんぽんうどん,87,ブロッコリー
54,1食分の野菜が摂れるグーグーキッチン ちゃんぽんうどん,59,さやいんげん
54,1食分の野菜が摂れるグーグーキッチン ちゃんぽんうどん,77,ほうれんそう
54,1食分の野菜が摂れるグーグーキッチン ちゃんぽんうどん,94,うどん
54,1食分の野菜が摂れるグーグーキッチン ちゃんぽんうどん,82,オニオンソテー
54,1食分の野菜が摂れるグーグーキッチン ちゃんぽんうどん,24,鶏肉
54,1食分の野菜が摂れるグーグーキッチン ちゃんぽんうどん,95,でん粉
54,1食分の野菜が摂れるグーグーキッチン ちゃんぽんうどん,42,粒状大豆たん白
54,1食分の野菜が摂れるグーグーキッチン ちゃんぽんうどん,41,粉末状大豆たん白
54,1食分の野菜が摂れるグーグーキッチン ちゃんぽんうどん,49,かぶペースト
54,1食分の野菜が摂れるグーグーキッチン ちゃんぽんうどん,52,かぼちゃペースト
54,1食分の野菜が摂れるグーグーキッチン ちゃんぽんうどん,37,全粉乳
54,1食分の野菜が摂れるグーグーキッチン ちゃんぽんうどん,136,砂糖
54,1食分の野菜が摂れるグーグーキッチン ちゃんぽんうどん,124,しょうゆ
54,1食分の野菜が摂れるグーグーキッチン ちゃんぽんうどん,7,たいエキス
54,1食分の野菜が摂れるグーグーキッチン ちゃんぽんうどん,112,チキンエキス
54,1食分の野菜が摂れるグーグーキッチン ちゃんぽんうどん,103,米酢
54,1食分の野菜が摂れるグーグーキッチン ちゃんぽんうどん,100,加工でん粉
55,BIGサイズのグーグーキッチン まぐろとわかめの炊き込みごはん,70,にんじん
55,BIGサイズのグーグーキッチン まぐろとわかめの炊き込みごはん,66,だいこん
55,BIGサイズのグーグーキッチン まぐろとわかめの炊き込みごはん,56,ごぼう
55,BIGサイズのグーグーキッチン まぐろとわかめの炊き込みごはん,59,さやいんげん
55,BIGサイズのグーグーキッチン まぐろとわかめの炊き込みごはん,104,精白米
55,BIGサイズのグーグーキッチン まぐろとわかめの炊き込みごはん,108,かつお昆布だし
55,BIGサイズのグーグーキッチン まぐろとわかめの炊き込みごはん,15,まぐろ水煮
55,BIGサイズのグーグーキッチン まぐろとわかめの炊き込みごはん,124,しょうゆ
55,BIGサイズのグーグーキッチン まぐろとわかめの炊き込みごはん,136,砂糖
55,BIGサイズのグーグーキッチン まぐろとわかめの炊き込みごはん,13,ほたてエキス
55,BIGサイズのグーグーキッチン まぐろとわかめの炊き込みごはん,103,米酢
55,BIGサイズのグーグーキッチン まぐろとわかめの炊き込みごはん,150,乾燥わかめ
55,BIGサイズのグーグーキッチン まぐろとわかめの炊き込みごはん,100,加工でん粉
55,BIGサイズのグーグーキッチン まぐろとわかめの炊き込みごはん,148,炭酸カルシウム
55,BIGサイズのグーグーキッチン まぐろとわかめの炊き込みごはん,143,クエン酸
55,BIGサイズのグーグーキッチン まぐろとわかめの炊き込みごはん,146,ピロリン酸鉄
56,BIGサイズのグーグーキッチン 鶏肉と野菜の煮込みうどん,66,だいこん
56,BIGサイズのグーグーキッチン 鶏肉と野菜の煮込みうどん,70,にんじん
56,BIGサイズのグーグーキッチン 鶏肉と野菜の煮込みうどん,84,キャベツ
56,BIGサイズのグーグーキッチン 鶏肉と野菜の煮込みうどん,59,さやいんげん
56,BIGサイズのグーグーキッチン 鶏肉と野菜の煮込みうどん,94,うどん
56,BIGサイズのグーグーキッチン 鶏肉と野菜の煮込みうどん,24,鶏肉
56,BIGサイズのグーグーキッチン 鶏肉と野菜の煮込みうどん,82,オニオンソテー
56,BIGサイズのグーグーキッチン 鶏肉と野菜の煮込みうどん,95,でん粉
56,BIGサイズのグーグーキッチン 鶏肉と野菜の煮込みうどん,42,粒状大豆たん白
56,BIGサイズのグーグーキッチン 鶏肉と野菜の煮込みうどん,41,粉末状大豆たん白
56,BIGサイズのグーグーキッチン 鶏肉と野菜の煮込みうどん,108,かつお昆布だし
56,BIGサイズのグーグーキッチン 鶏肉と野菜の煮込みうどん,124,しょうゆ
56,BIGサイズのグーグーキッチン 鶏肉と野菜の煮込みうどん,136,砂糖
56,BIGサイズのグーグーキッチン 鶏肉と野菜の煮込みうどん,115,チキンブイヨン
56,BIGサイズのグーグーキッチン 鶏肉と野菜の煮込みうどん,103,米酢
56,BIGサイズのグーグーキッチン 鶏肉と野菜の煮込みうどん,100,加工でん粉
56,BIGサイズのグーグーキッチン 鶏肉と野菜の煮込みうどん,143,クエン酸
56,BIGサイズのグーグーキッチン 鶏肉と野菜の煮込みうどん,148,炭酸カルシウム
56,BIGサイズのグーグーキッチン 鶏肉と野菜の煮込みうどん,146,ピロリン酸鉄
57,BIGサイズのグーグーキッチン しらすと大根のまぜごはん,66,だいこん
57,BIGサイズのグーグーキッチン しらすと大根のまぜごはん,70,にんじん
57,BIGサイズのグーグーキッチン しらすと大根のまぜごはん,84,キャベツ
57,BIGサイズのグーグーキッチン しらすと大根のまぜごはん,104,精白米
57,BIGサイズのグーグーキッチン しらすと大根のまぜごはん,108,かつお昆布だし
57,BIGサイズのグーグーキッチン しらすと大根のまぜごはん,4,しらす
57,BIGサイズのグーグーキッチン しらすと大根のまぜごはん,11,ちりめんエキス
57,BIGサイズのグーグーキッチン しらすと大根のまぜごはん,47,まいたけ水煮
57,BIGサイズのグーグーキッチン しらすと大根のまぜごはん,139,食塩
57,BIGサイズのグーグーキッチン しらすと大根のまぜごはん,103,米酢
57,BIGサイズのグーグーキッチン しらすと大根のまぜごはん,100,加工でん粉
57,BIGサイズのグーグーキッチン しらすと大根のまぜごはん,143,クエン酸
57,BIGサイズのグーグーキッチン しらすと大根のまぜごはん,148,炭酸カルシウム
57,BIGサイズのグーグーキッチン しらすと大根のまぜごはん,146,ピロリン酸鉄
58,BIGサイズのグーグーキッチン 角煮チャーハン,61,たまねぎ
58,BIGサイズのグーグーキッチン 角煮チャーハン,70,にんじん
58,BIGサイズのグーグーキッチン 角煮チャーハン,84,キャベツ
58,BIGサイズのグーグーキッチン 角煮チャーハン,59,さやいんげん
58,BIGサイズのグーグーキッチン 角煮チャーハン,104,精白米
58,BIGサイズのグーグーキッチン 角煮チャーハン,20,豚肉
58,BIGサイズのグーグーキッチン 角煮チャーハン,95,でん粉
58,BIGサイズのグーグーキッチン 角煮チャーハン,139,食塩
58,BIGサイズのグーグーキッチン 角煮チャーハン,26,卵白粉末
58,BIGサイズのグーグーキッチン 角煮チャーハン,124,しょうゆ
58,BIGサイズのグーグーキッチン 角煮チャーハン,25,卵白
58,BIGサイズのグーグーキッチン 角煮チャーハン,136,砂糖
58,BIGサイズのグーグーキッチン 角煮チャーハン,105,かつおだし
58,BIGサイズのグーグーキッチン 角煮チャーハン,27,卵黄
58,BIGサイズのグーグーキッチン 角煮チャーハン,122,ごま油
58,BIGサイズのグーグーキッチン 角煮チャーハン,89,野菜ブイヨンペースト
58,BIGサイズのグーグーキッチン 角煮チャーハン,13,ほたてエキス
58,BIGサイズのグーグーキッチン 角煮チャーハン,103,米酢
58,BIGサイズのグーグーキッチン 角煮チャーハン,100,加工でん粉
58,BIGサイズのグーグーキッチン 角煮チャーハン,143,クエン酸
58,BIGサイズのグーグーキッチン 角煮チャーハン,148,炭酸カルシウム
58,BIGサイズのグーグーキッチン 角煮チャーハン,146,ピロリン酸鉄
59,BIGサイズのグーグーキッチン ふっくら親子どん,104,精白米
59,BIGサイズのグーグーキッチン ふっくら親子どん,61,たまねぎ
59,BIGサイズのグーグーキッチン ふっくら親子どん,70,にんじん
59,BIGサイズのグーグーキッチン ふっくら親子どん,59,さやいんげん
59,BIGサイズのグーグーキッチン ふっくら親子どん,24,鶏肉
59,BIGサイズのグーグーキッチン ふっくら親子どん,82,オニオンソテー
59,BIGサイズのグーグーキッチン ふっくら親子どん,95,でん粉
59,BIGサイズのグーグーキッチン ふっくら親子どん,42,粒状大豆たん白
59,BIGサイズのグーグーキッチン ふっくら親子どん,41,粉末状大豆たん白
59,BIGサイズのグーグーキッチン ふっくら親子どん,108,かつお昆布だし
59,BIGサイズのグーグーキッチン ふっくら親子どん,25,卵白
59,BIGサイズのグーグーキッチン ふっくら親子どん,27,卵黄
59,BIGサイズのグーグーキッチン ふっくら親子どん,124,しょうゆ
59,BIGサイズのグーグーキッチン ふっくら親子どん,136,砂糖
59,BIGサイズのグーグーキッチン ふっくら親子どん,112,チキンエキス
59,BIGサイズのグーグーキッチン ふっくら親子どん,103,米酢
59,BIGサイズのグーグーキッチン ふっくら親子どん,139,食塩
59,BIGサイズのグーグーキッチン ふっくら親子どん,100,加工でん粉
59,BIGサイズのグーグーキッチン ふっくら親子どん,143,クエン酸
59,BIGサイズのグーグーキッチン ふっくら親子どん,148,炭酸カルシウム
59,BIGサイズのグーグーキッチン ふっくら親子どん,146,ピロリン酸鉄
60,BIGサイズのグーグーキッチン 五目炊き込みごはん,104,精白米
60,BIGサイズのグーグーキッチン 五目炊き込みごはん,70,にんじん
60,BIGサイズのグーグーキッチン 五目炊き込みごはん,59,さやいんげん
60,BIGサイズのグーグーキッチン 五目炊き込みごはん,77,ほうれんそう
60,BIGサイズのグーグーキッチン 五目炊き込みごはん,108,かつお昆布だし
60,BIGサイズのグーグーキッチン 五目炊き込みごはん,24,鶏肉
60,BIGサイズのグーグーキッチン 五目炊き込みごはん,82,オニオンソテー
60,BIGサイズのグーグーキッチン 五目炊き込みごはん,95,でん粉
60,BIGサイズのグーグーキッチン 五目炊き込みごはん,42,粒状大豆たん白
60,BIGサイズのグーグーキッチン 五目炊き込みごはん,41,粉末状大豆たん白
60,BIGサイズのグーグーキッチン 五目炊き込みごはん,124,しょうゆ
60,BIGサイズのグーグーキッチン 五目炊き込みごはん,47,まいたけ水煮
60,BIGサイズのグーグーキッチン 五目炊き込みごはん,136,砂糖
60,BIGサイズのグーグーキッチン 五目炊き込みごはん,115,チキンブイヨン
60,BIGサイズのグーグーキッチン 五目炊き込みごはん,139,食塩
60,BIGサイズのグーグーキッチン 五目炊き込みごはん,103,米酢
60,BIGサイズのグーグーキッチン 五目炊き込みごはん,100,加工でん粉
60,BIGサイズのグーグーキッチン 五目炊き込みごはん,148,炭酸カルシウム
60,BIGサイズのグーグーキッチン 五目炊き込みごはん,143,クエン酸
60,BIGサイズのグーグーキッチン 五目炊き込みごはん,146,ピロリン酸鉄
61,BIGサイズのグーグーキッチン チキンと野菜のナポリタン（鶏レバー入り）,70,にんじん
61,BIGサイズのグーグーキッチン チキンと野菜のナポリタン（鶏レバー入り）,84,キャベツ
61,BIGサイズのグーグーキッチン チキンと野菜のナポリタン（鶏レバー入り）,67,とうもろこし
61,BIGサイズのグーグーキッチン チキンと野菜のナポリタン（鶏レバー入り）,86,ピーマン
61,BIGサイズのグーグーキッチン チキンと野菜のナポリタン（鶏レバー入り）,130,トマトケチャップ
61,BIGサイズのグーグーキッチン チキンと野菜のナポリタン（鶏レバー入り）,99,マカロニ
61,BIGサイズのグーグーキッチン チキンと野菜のナポリタン（鶏レバー入り）,24,鶏肉
61,BIGサイズのグーグーキッチン チキンと野菜のナポリタン（鶏レバー入り）,82,オニオンソテー
61,BIGサイズのグーグーキッチン チキンと野菜のナポリタン（鶏レバー入り）,95,でん粉
61,BIGサイズのグーグーキッチン チキンと野菜のナポリタン（鶏レバー入り）,42,粒状大豆たん白
61,BIGサイズのグーグーキッチン チキンと野菜のナポリタン（鶏レバー入り）,41,粉末状大豆たん白
61,BIGサイズのグーグーキッチン チキンと野菜のナポリタン（鶏レバー入り）,38,牛乳
61,BIGサイズのグーグーキッチン チキンと野菜のナポリタン（鶏レバー入り）,112,チキンエキス
61,BIGサイズのグーグーキッチン チキンと野菜のナポリタン（鶏レバー入り）,136,砂糖
61,BIGサイズのグーグーキッチン チキンと野菜のナポリタン（鶏レバー入り）,23,鶏レバーペースト
61,BIGサイズのグーグーキッチン チキンと野菜のナポリタン（鶏レバー入り）,139,食塩
61,BIGサイズのグーグーキッチン チキンと野菜のナポリタン（鶏レバー入り）,100,加工でん粉
61,BIGサイズのグーグーキッチン チキンと野菜のナポリタン（鶏レバー入り）,148,炭酸カルシウム
61,BIGサイズのグーグーキッチン チキンと野菜のナポリタン（鶏レバー入り）,143,クエン酸
61,BIGサイズのグーグーキッチン チキンと野菜のナポリタン（鶏レバー入り）,146,ピロリン酸鉄
62,BIGサイズのグーグーキッチン まろやかビーフシチュー,70,にんじん
62,BIGサイズのグーグーキッチン まろやかビーフシチュー,61,たまねぎ
62,BIGサイズのグーグーキッチン まろやかビーフシチュー,87,ブロッコリー
62,BIGサイズのグーグーキッチン まろやかビーフシチュー,59,さやいんげん
62,BIGサイズのグーグーキッチン まろやかビーフシチュー,60,じゃがいも
62,BIGサイズのグーグーキッチン まろやかビーフシチュー,18,牛肉
62,BIGサイズのグーグーキッチン まろやかビーフシチュー,95,でん粉
62,BIGサイズのグーグーキッチン まろやかビーフシチュー,152,海藻粉末
62,BIGサイズのグーグーキッチン まろやかビーフシチュー,139,食塩
62,BIGサイズのグーグーキッチン まろやかビーフシチュー,124,しょうゆ
62,BIGサイズのグーグーキッチン まろやかビーフシチュー,132,トマトピューレー
62,BIGサイズのグーグーキッチン まろやかビーフシチュー,130,トマトケチャップ
62,BIGサイズのグーグーキッチン まろやかビーフシチュー,89,野菜ブイヨンペースト
62,BIGサイズのグーグーキッチン まろやかビーフシチュー,33,バター
62,BIGサイズのグーグーキッチン まろやかビーフシチュー,136,砂糖
62,BIGサイズのグーグーキッチン まろやかビーフシチュー,112,チキンエキス
62,BIGサイズのグーグーキッチン まろやかビーフシチュー,100,加工でん粉
62,BIGサイズのグーグーキッチン まろやかビーフシチュー,148,炭酸カルシウム
62,BIGサイズのグーグーキッチン まろやかビーフシチュー,143,クエン酸
62,BIGサイズのグーグーキッチン まろやかビーフシチュー,146,ピロリン酸鉄
63,BIGサイズのグーグーキッチン ふんわりつくねの野菜あんかけ,70,にんじん
63,BIGサイズのグーグーキッチン ふんわりつくねの野菜あんかけ,84,キャベツ
63,BIGサイズのグーグーキッチン ふんわりつくねの野菜あんかけ,56,ごぼう
63,BIGサイズのグーグーキッチン ふんわりつくねの野菜あんかけ,59,さやいんげん
63,BIGサイズのグーグーキッチン ふんわりつくねの野菜あんかけ,60,じゃがいも
63,BIGサイズのグーグーキッチン ふんわりつくねの野菜あんかけ,24,鶏肉
63,BIGサイズのグーグーキッチン ふんわりつくねの野菜あんかけ,98,パン粉
63,BIGサイズのグーグーキッチン ふんわりつくねの野菜あんかけ,61,たまねぎ
63,BIGサイズのグーグーキッチン ふんわりつくねの野菜あんかけ,42,粒状大豆たん白
63,BIGサイズのグーグーキッチン ふんわりつくねの野菜あんかけ,139,食塩
63,BIGサイズのグーグーキッチン ふんわりつくねの野菜あんかけ,124,しょうゆ
63,BIGサイズのグーグーキッチン ふんわりつくねの野菜あんかけ,136,砂糖
63,BIGサイズのグーグーキッチン ふんわりつくねの野菜あんかけ,105,かつおだし
63,BIGサイズのグーグーキッチン ふんわりつくねの野菜あんかけ,103,米酢
63,BIGサイズのグーグーキッチン ふんわりつくねの野菜あんかけ,47,まいたけ水煮
63,BIGサイズのグーグーキッチン ふんわりつくねの野菜あんかけ,100,加工でん粉
63,BIGサイズのグーグーキッチン ふんわりつくねの野菜あんかけ,148,炭酸カルシウム
63,BIGサイズのグーグーキッチン ふんわりつくねの野菜あんかけ,143,クエン酸
63,BIGサイズのグーグーキッチン ふんわりつくねの野菜あんかけ,146,ピロリン酸鉄
64,BIGサイズのグーグーキッチン すき焼き,70,にんじん
64,BIGサイズのグーグーキッチン すき焼き,61,たまねぎ
64,BIGサイズのグーグーキッチン すき焼き,84,キャベツ
64,BIGサイズのグーグーキッチン すき焼き,43,豆乳
64,BIGサイズのグーグーキッチン すき焼き,95,でん粉
64,BIGサイズのグーグーキッチン すき焼き,97,デキストリン
64,BIGサイズのグーグーキッチン すき焼き,60,じゃがいも
64,BIGサイズのグーグーキッチン すき焼き,18,牛肉
64,BIGサイズのグーグーキッチン すき焼き,152,海藻粉末
64,BIGサイズのグーグーキッチン すき焼き,139,食塩
64,BIGサイズのグーグーキッチン すき焼き,124,しょうゆ
64,BIGサイズのグーグーキッチン すき焼き,136,砂糖
64,BIGサイズのグーグーキッチン すき焼き,108,かつお昆布だし
64,BIGサイズのグーグーキッチン すき焼き,112,チキンエキス
64,BIGサイズのグーグーキッチン すき焼き,134,植物油脂
64,BIGサイズのグーグーキッチン すき焼き,114,チキンオイル
64,BIGサイズのグーグーキッチン すき焼き,103,米酢
64,BIGサイズのグーグーキッチン すき焼き,100,加工でん粉
64,BIGサイズのグーグーキッチン すき焼き,148,炭酸カルシウム
64,BIGサイズのグーグーキッチン すき焼き,143,クエン酸
64,BIGサイズのグーグーキッチン すき焼き,45,豆腐用凝固剤
64,BIGサイズのグーグーキッチン すき焼き,146,ピロリン酸鉄
65,BIGサイズのグーグーキッチン ほっくり肉じゃが,70,にんじん
65,BIGサイズのグーグーキッチン ほっくり肉じゃが,61,たまねぎ
65,BIGサイズのグーグーキッチン ほっくり肉じゃが,59,さやいんげん
65,BIGサイズのグーグーキッチン ほっくり肉じゃが,60,じゃがいも
65,BIGサイズのグーグーキッチン ほっくり肉じゃが,18,牛肉
65,BIGサイズのグーグーキッチン ほっくり肉じゃが,95,でん粉
65,BIGサイズのグーグーキッチン ほっくり肉じゃが,152,海藻粉末
65,BIGサイズのグーグーキッチン ほっくり肉じゃが,139,食塩
65,BIGサイズのグーグーキッチン ほっくり肉じゃが,108,かつお昆布だし
65,BIGサイズのグーグーキッチン ほっくり肉じゃが,136,砂糖
65,BIGサイズのグーグーキッチン ほっくり肉じゃが,124,しょうゆ
65,BIGサイズのグーグーキッチン ほっくり肉じゃが,134,植物油脂
65,BIGサイズのグーグーキッチン ほっくり肉じゃが,115,チキンブイヨン
65,BIGサイズのグーグーキッチン ほっくり肉じゃが,103,米酢
65,BIGサイズのグーグーキッチン ほっくり肉じゃが,100,加工でん粉
65,BIGサイズのグーグーキッチン ほっくり肉じゃが,148,炭酸カルシウム
65,BIGサイズのグーグーキッチン ほっくり肉じゃが,143,クエン酸
65,BIGサイズのグーグーキッチン ほっくり肉じゃが,146,ピロリン酸鉄
66,BIGサイズのグーグーキッチン 具だくさんカレー,70,にんじん
66,BIGサイズのグーグーキッチン 具だくさんカレー,67,とうもろこし
66,BIGサイズのグーグーキッチン 具だくさんカレー,59,さやいんげん
66,BIGサイズのグーグーキッチン 具だくさんカレー,60,じゃがいも
66,BIGサイズのグーグーキッチン 具だくさんカレー,24,鶏肉
66,BIGサイズのグーグーキッチン 具だくさんカレー,82,オニオンソテー
66,BIGサイズのグーグーキッチン 具だくさんカレー,95,でん粉
66,BIGサイズのグーグーキッチン 具だくさんカレー,42,粒状大豆たん白
66,BIGサイズのグーグーキッチン 具だくさんカレー,41,粉末状大豆たん白
66,BIGサイズのグーグーキッチン 具だくさんカレー,64,たまねぎペースト
66,BIGサイズのグーグーキッチン 具だくさんカレー,130,トマトケチャップ
66,BIGサイズのグーグーキッチン 具だくさんカレー,112,チキンエキス
66,BIGサイズのグーグーキッチン 具だくさんカレー,136,砂糖
66,BIGサイズのグーグーキッチン 具だくさんカレー,133,トマトペースト
66,BIGサイズのグーグーキッチン 具だくさんカレー,129,カレー粉
66,BIGサイズのグーグーキッチン 具だくさんカレー,89,野菜ブイヨンペースト
66,BIGサイズのグーグーキッチン 具だくさんカレー,139,食塩
66,BIGサイズのグーグーキッチン 具だくさんカレー,100,加工でん粉
66,BIGサイズのグーグーキッチン 具だくさんカレー,148,炭酸カルシウム
66,BIGサイズのグーグーキッチン 具だくさんカレー,143,クエン酸
66,BIGサイズのグーグーキッチン 具だくさんカレー,146,ピロリン酸鉄
67,BIGサイズのグーグーキッチン 煮込みハンバーグ（BIG）,18,牛肉
67,BIGサイズのグーグーキッチン 煮込みハンバーグ（BIG）,24,鶏肉
67,BIGサイズのグーグーキッチン 煮込みハンバーグ（BIG）,61,たまねぎ
67,BIGサイズのグーグーキッチン 煮込みハンバーグ（BIG）,98,パン粉
67,BIGサイズのグーグーキッチン 煮込みハンバーグ（BIG）,41,粉末状大豆たん白
67,BIGサイズのグーグーキッチン 煮込みハンバーグ（BIG）,42,粒状大豆たん白
67,BIGサイズのグーグーキッチン 煮込みハンバーグ（BIG）,139,食塩
67,BIGサイズのグーグーキッチン 煮込みハンバーグ（BIG）,70,にんじん
67,BIGサイズのグーグーキッチン 煮込みハンバーグ（BIG）,67,とうもろこし
67,BIGサイズのグーグーキッチン 煮込みハンバーグ（BIG）,60,じゃがいも
67,BIGサイズのグーグーキッチン 煮込みハンバーグ（BIG）,124,しょうゆ
67,BIGサイズのグーグーキッチン 煮込みハンバーグ（BIG）,136,砂糖
67,BIGサイズのグーグーキッチン 煮込みハンバーグ（BIG）,82,オニオンソテー
67,BIGサイズのグーグーキッチン 煮込みハンバーグ（BIG）,78,ほうれんそうペースト
67,BIGサイズのグーグーキッチン 煮込みハンバーグ（BIG）,89,野菜ブイヨンペースト
67,BIGサイズのグーグーキッチン 煮込みハンバーグ（BIG）,115,チキンブイヨン
67,BIGサイズのグーグーキッチン 煮込みハンバーグ（BIG）,133,トマトペースト
67,BIGサイズのグーグーキッチン 煮込みハンバーグ（BIG）,33,バター
67,BIGサイズのグーグーキッチン 煮込みハンバーグ（BIG）,100,加工でん粉
67,BIGサイズのグーグーキッチン 煮込みハンバーグ（BIG）,148,炭酸カルシウム
67,BIGサイズのグーグーキッチン 煮込みハンバーグ（BIG）,143,クエン酸
67,BIGサイズのグーグーキッチン 煮込みハンバーグ（BIG）,146,ピロリン酸鉄
68,BIGサイズのグーグーキッチン お魚の甘からつくね,70,にんじん
68,BIGサイズのグーグーキッチン お魚の甘からつくね,66,だいこん
68,BIGサイズのグーグーキッチン お魚の甘からつくね,87,ブロッコリー
68,BIGサイズのグーグーキッチン お魚の甘からつくね,60,じゃがいも
68,BIGサイズのグーグーキッチン お魚の甘からつくね,9,たらすり身
68,BIGサイズのグーグーキッチン お魚の甘からつくね,61,たまねぎ
68,BIGサイズのグーグーキッチン お魚の甘からつくね,95,でん粉
68,BIGサイズのグーグーキッチン お魚の甘からつくね,98,パン粉
68,BIGサイズのグーグーキッチン お魚の甘からつくね,41,粉末状大豆たん白
68,BIGサイズのグーグーキッチン お魚の甘からつくね,134,植物油脂
68,BIGサイズのグーグーキッチン お魚の甘からつくね,139,食塩
68,BIGサイズのグーグーキッチン お魚の甘からつくね,136,砂糖
68,BIGサイズのグーグーキッチン お魚の甘からつくね,124,しょうゆ
68,BIGサイズのグーグーキッチン お魚の甘からつくね,112,チキンエキス
68,BIGサイズのグーグーキッチン お魚の甘からつくね,108,かつお昆布だし
68,BIGサイズのグーグーキッチン お魚の甘からつくね,130,トマトケチャップ
68,BIGサイズのグーグーキッチン お魚の甘からつくね,100,加工でん粉
68,BIGサイズのグーグーキッチン お魚の甘からつくね,148,炭酸カルシウム
68,BIGサイズのグーグーキッチン お魚の甘からつくね,143,クエン酸
68,BIGサイズのグーグーキッチン お魚の甘からつくね,146,ピロリン酸鉄
69,BIGサイズのグーグーキッチン 鶏だんごのお野菜ポトフ,70,にんじん
69,BIGサイズのグーグーキッチン 鶏だんごのお野菜ポトフ,61,たまねぎ
69,BIGサイズのグーグーキッチン 鶏だんごのお野菜ポトフ,67,とうもろこし
69,BIGサイズのグーグーキッチン 鶏だんごのお野菜ポトフ,84,キャベツ
69,BIGサイズのグーグーキッチン 鶏だんごのお野菜ポトフ,87,ブロッコリー
69,BIGサイズのグーグーキッチン 鶏だんごのお野菜ポトフ,24,鶏肉
69,BIGサイズのグーグーキッチン 鶏だんごのお野菜ポトフ,98,パン粉
69,BIGサイズのグーグーキッチン 鶏だんごのお野菜ポトフ,42,粒状大豆たん白
69,BIGサイズのグーグーキッチン 鶏だんごのお野菜ポトフ,139,食塩
69,BIGサイズのグーグーキッチン 鶏だんごのお野菜ポトフ,60,じゃがいも
69,BIGサイズのグーグーキッチン 鶏だんごのお野菜ポトフ,82,オニオンソテー
69,BIGサイズのグーグーキッチン 鶏だんごのお野菜ポトフ,112,チキンエキス
69,BIGサイズのグーグーキッチン 鶏だんごのお野菜ポトフ,136,砂糖
69,BIGサイズのグーグーキッチン 鶏だんごのお野菜ポトフ,89,野菜ブイヨンペースト
69,BIGサイズのグーグーキッチン 鶏だんごのお野菜ポトフ,103,米酢
69,BIGサイズのグーグーキッチン 鶏だんごのお野菜ポトフ,100,加工でん粉
69,BIGサイズのグーグーキッチン 鶏だんごのお野菜ポトフ,148,炭酸カルシウム
69,BIGサイズのグーグーキッチン 鶏だんごのお野菜ポトフ,143,クエン酸
69,BIGサイズのグーグーキッチン 鶏だんごのお野菜ポトフ,146,ピロリン酸鉄
70,BIGサイズのグーグーキッチン お魚だんごの海鮮八宝菜,70,にんじん
70,BIGサイズのグーグーキッチン お魚だんごの海鮮八宝菜,67,とうもろこし
70,BIGサイズのグーグーキッチン お魚だんごの海鮮八宝菜,61,たまねぎ
70,BIGサイズのグーグーキッチン お魚だんごの海鮮八宝菜,66,だいこん
70,BIGサイズのグーグーキッチン お魚だんごの海鮮八宝菜,84,キャベツ
70,BIGサイズのグーグーキッチン お魚だんごの海鮮八宝菜,59,さやいんげん
70,BIGサイズのグーグーキッチン お魚だんごの海鮮八宝菜,9,たらすり身
70,BIGサイズのグーグーキッチン お魚だんごの海鮮八宝菜,95,でん粉
70,BIGサイズのグーグーキッチン お魚だんごの海鮮八宝菜,98,パン粉
70,BIGサイズのグーグーキッチン お魚だんごの海鮮八宝菜,41,粉末状大豆たん白
70,BIGサイズのグーグーキッチン お魚だんごの海鮮八宝菜,134,植物油脂
70,BIGサイズのグーグーキッチン お魚だんごの海鮮八宝菜,139,食塩
70,BIGサイズのグーグーキッチン お魚だんごの海鮮八宝菜,60,じゃがいも
70,BIGサイズのグーグーキッチン お魚だんごの海鮮八宝菜,124,しょうゆ
70,BIGサイズのグーグーキッチン お魚だんごの海鮮八宝菜,136,砂糖
70,BIGサイズのグーグーキッチン お魚だんごの海鮮八宝菜,13,ほたてエキス
70,BIGサイズのグーグーキッチン お魚だんごの海鮮八宝菜,112,チキンエキス
70,BIGサイズのグーグーキッチン お魚だんごの海鮮八宝菜,122,ごま油
70,BIGサイズのグーグーキッチン お魚だんごの海鮮八宝菜,103,米酢
70,BIGサイズのグーグーキッチン お魚だんごの海鮮八宝菜,150,乾燥わかめ
70,BIGサイズのグーグーキッチン お魚だんごの海鮮八宝菜,100,加工でん粉
70,BIGサイズのグーグーキッチン お魚だんごの海鮮八宝菜,148,炭酸カルシウム
70,BIGサイズのグーグーキッチン お魚だんごの海鮮八宝菜,143,クエン酸
70,BIGサイズのグーグーキッチン お魚だんごの海鮮八宝菜,146,ピロリン酸鉄
71,BIGサイズのグーグーキッチン いわしのつみれ汁,70,にんじん
71,BIGサイズのグーグーキッチン いわしのつみれ汁,66,だいこん
71,BIGサイズのグーグーキッチン いわしのつみれ汁,84,キャベツ
71,BIGサイズのグーグーキッチン いわしのつみれ汁,59,さやいんげん
71,BIGサイズのグーグーキッチン いわしのつみれ汁,43,豆乳
71,BIGサイズのグーグーキッチン いわしのつみれ汁,95,でん粉
71,BIGサイズのグーグーキッチン いわしのつみれ汁,97,デキストリン
71,BIGサイズのグーグーキッチン いわしのつみれ汁,1,いわし
71,BIGサイズのグーグーキッチン いわしのつみれ汁,98,パン粉
71,BIGサイズのグーグーキッチン いわしのつみれ汁,101,小麦粉
71,BIGサイズのグーグーキッチン いわしのつみれ汁,61,たまねぎ
71,BIGサイズのグーグーキッチン いわしのつみれ汁,134,植物油脂
71,BIGサイズのグーグーキッチン いわしのつみれ汁,139,食塩
71,BIGサイズのグーグーキッチン いわしのつみれ汁,108,かつお昆布だし
71,BIGサイズのグーグーキッチン いわしのつみれ汁,124,しょうゆ
71,BIGサイズのグーグーキッチン いわしのつみれ汁,7,たいエキス
71,BIGサイズのグーグーキッチン いわしのつみれ汁,136,砂糖
71,BIGサイズのグーグーキッチン いわしのつみれ汁,100,加工でん粉
71,BIGサイズのグーグーキッチン いわしのつみれ汁,148,炭酸カルシウム
71,BIGサイズのグーグーキッチン いわしのつみれ汁,143,クエン酸
71,BIGサイズのグーグーキッチン いわしのつみれ汁,45,豆腐用凝固剤
71,BIGサイズのグーグーキッチン いわしのつみれ汁,146,ピロリン酸鉄
72,BIGサイズのグーグーキッチン お子さまホイコーロー,70,にんじん
72,BIGサイズのグーグーキッチン お子さまホイコーロー,61,たまねぎ
72,BIGサイズのグーグーキッチン お子さまホイコーロー,84,キャベツ
72,BIGサイズのグーグーキッチン お子さまホイコーロー,86,ピーマン
72,BIGサイズのグーグーキッチン お子さまホイコーロー,60,じゃがいも
72,BIGサイズのグーグーキッチン お子さまホイコーロー,20,豚肉
72,BIGサイズのグーグーキッチン お子さまホイコーロー,95,でん粉
72,BIGサイズのグーグーキッチン お子さまホイコーロー,139,食塩
72,BIGサイズのグーグーキッチン お子さまホイコーロー,152,海藻粉末
72,BIGサイズのグーグーキッチン お子さまホイコーロー,136,砂糖
72,BIGサイズのグーグーキッチン お子さまホイコーロー,122,ごま油
72,BIGサイズのグーグーキッチン お子さまホイコーロー,124,しょうゆ
72,BIGサイズのグーグーキッチン お子さまホイコーロー,127,みそ
72,BIGサイズのグーグーキッチン お子さまホイコーロー,89,野菜ブイヨンペースト
72,BIGサイズのグーグーキッチン お子さまホイコーロー,13,ほたてエキス
72,BIGサイズのグーグーキッチン お子さまホイコーロー,100,加工でん粉
72,BIGサイズのグーグーキッチン お子さまホイコーロー,148,炭酸カルシウム
72,BIGサイズのグーグーキッチン お子さまホイコーロー,143,クエン酸
72,BIGサイズのグーグーキッチン お子さまホイコーロー,146,ピロリン酸鉄
73,BIGサイズのグーグーキッチン チキンときのこのトマト煮（鶏レバー入り）,70,にんじん
73,BIGサイズのグーグーキッチン チキンときのこのトマト煮（鶏レバー入り）,61,たまねぎ
73,BIGサイズのグーグーキッチン チキンときのこのトマト煮（鶏レバー入り）,87,ブロッコリー
73,BIGサイズのグーグーキッチン チキンときのこのトマト煮（鶏レバー入り）,60,じゃがいも
73,BIGサイズのグーグーキッチン チキンときのこのトマト煮（鶏レバー入り）,24,鶏肉
73,BIGサイズのグーグーキッチン チキンときのこのトマト煮（鶏レバー入り）,82,オニオンソテー
73,BIGサイズのグーグーキッチン チキンときのこのトマト煮（鶏レバー入り）,95,でん粉
73,BIGサイズのグーグーキッチン チキンときのこのトマト煮（鶏レバー入り）,42,粒状大豆たん白
73,BIGサイズのグーグーキッチン チキンときのこのトマト煮（鶏レバー入り）,41,粉末状大豆たん白
73,BIGサイズのグーグーキッチン チキンときのこのトマト煮（鶏レバー入り）,133,トマトペースト
73,BIGサイズのグーグーキッチン チキンときのこのトマト煮（鶏レバー入り）,112,チキンエキス
73,BIGサイズのグーグーキッチン チキンときのこのトマト煮（鶏レバー入り）,130,トマトケチャップ
73,BIGサイズのグーグーキッチン チキンときのこのトマト煮（鶏レバー入り）,46,しいたけ水煮
73,BIGサイズのグーグーキッチン チキンときのこのトマト煮（鶏レバー入り）,23,鶏レバーペースト
73,BIGサイズのグーグーキッチン チキンときのこのトマト煮（鶏レバー入り）,47,まいたけ水煮
73,BIGサイズのグーグーキッチン チキンときのこのトマト煮（鶏レバー入り）,136,砂糖
73,BIGサイズのグーグーキッチン チキンときのこのトマト煮（鶏レバー入り）,124,しょうゆ
73,BIGサイズのグーグーキッチン チキンときのこのトマト煮（鶏レバー入り）,139,食塩
73,BIGサイズのグーグーキッチン チキンときのこのトマト煮（鶏レバー入り）,100,加工でん粉
73,BIGサイズのグーグーキッチン チキンときのこのトマト煮（鶏レバー入り）,148,炭酸カルシウム
73,BIGサイズのグーグーキッチン チキンときのこのトマト煮（鶏レバー入り）,146,ピロリン酸鉄
74,BIGサイズのグーグーキッチン 牛肉とトマトのハヤシソース（鶏レバー入り）,70,にんじん
74,BIGサイズのグーグーキッチン 牛肉とトマトのハヤシソース（鶏レバー入り）,61,たまねぎ
74,BIGサイズのグーグーキッチン 牛肉とトマトのハヤシソース（鶏レバー入り）,67,とうもろこし
74,BIGサイズのグーグーキッチン 牛肉とトマトのハヤシソース（鶏レバー入り）,87,ブロッコリー
74,BIGサイズのグーグーキッチン 牛肉とトマトのハヤシソース（鶏レバー入り）,18,牛肉
74,BIGサイズのグーグーキッチン 牛肉とトマトのハヤシソース（鶏レバー入り）,22,鶏レバー
74,BIGサイズのグーグーキッチン 牛肉とトマトのハヤシソース（鶏レバー入り）,95,でん粉
74,BIGサイズのグーグーキッチン 牛肉とトマトのハヤシソース（鶏レバー入り）,152,海藻粉末
74,BIGサイズのグーグーキッチン 牛肉とトマトのハヤシソース（鶏レバー入り）,139,食塩
74,BIGサイズのグーグーキッチン 牛肉とトマトのハヤシソース（鶏レバー入り）,60,じゃがいも
74,BIGサイズのグーグーキッチン 牛肉とトマトのハヤシソース（鶏レバー入り）,133,トマトペースト
74,BIGサイズのグーグーキッチン 牛肉とトマトのハヤシソース（鶏レバー入り）,124,しょうゆ
74,BIGサイズのグーグーキッチン 牛肉とトマトのハヤシソース（鶏レバー入り）,112,チキンエキス
74,BIGサイズのグーグーキッチン 牛肉とトマトのハヤシソース（鶏レバー入り）,89,野菜ブイヨンペースト
74,BIGサイズのグーグーキッチン 牛肉とトマトのハヤシソース（鶏レバー入り）,136,砂糖
74,BIGサイズのグーグーキッチン 牛肉とトマトのハヤシソース（鶏レバー入り）,33,バター
74,BIGサイズのグーグーキッチン 牛肉とトマトのハヤシソース（鶏レバー入り）,100,加工でん粉
74,BIGサイズのグーグーキッチン 牛肉とトマトのハヤシソース（鶏レバー入り）,143,クエン酸
74,BIGサイズのグーグーキッチン 牛肉とトマトのハヤシソース（鶏レバー入り）,148,炭酸カルシウム
74,BIGサイズのグーグーキッチン 牛肉とトマトのハヤシソース（鶏レバー入り）,146,ピロリン酸鉄
75,BIGサイズのグーグーキッチン 鮭とポテトのクリーム煮,70,にんじん
75,BIGサイズのグーグーキッチン 鮭とポテトのクリーム煮,67,とうもろこし
75,BIGサイズのグーグーキッチン 鮭とポテトのクリーム煮,61,たまねぎ
75,BIGサイズのグーグーキッチン 鮭とポテトのクリーム煮,84,キャベツ
75,BIGサイズのグーグーキッチン 鮭とポテトのクリーム煮,59,さやいんげん
75,BIGサイズのグーグーキッチン 鮭とポテトのクリーム煮,60,じゃがいも
75,BIGサイズのグーグーキッチン 鮭とポテトのクリーム煮,82,オニオンソテー
75,BIGサイズのグーグーキッチン 鮭とポテトのクリーム煮,115,チキンブイヨン
75,BIGサイズのグーグーキッチン 鮭とポテトのクリーム煮,2,さけほぐし身
75,BIGサイズのグーグーキッチン 鮭とポテトのクリーム煮,33,バター
75,BIGサイズのグーグーキッチン 鮭とポテトのクリーム煮,37,全粉乳
75,BIGサイズのグーグーキッチン 鮭とポテトのクリーム煮,139,食塩
75,BIGサイズのグーグーキッチン 鮭とポテトのクリーム煮,136,砂糖
75,BIGサイズのグーグーキッチン 鮭とポテトのクリーム煮,100,加工でん粉
75,BIGサイズのグーグーキッチン 鮭とポテトのクリーム煮,148,炭酸カルシウム
75,BIGサイズのグーグーキッチン 鮭とポテトのクリーム煮,143,クエン酸
75,BIGサイズのグーグーキッチン 鮭とポテトのクリーム煮,146,ピロリン酸鉄
76,はじめての離乳食 裏ごしほうれんそう,77,ほうれんそう
76,はじめての離乳食 裏ごしほうれんそう,97,デキストリン
76,はじめての離乳食 裏ごしほうれんそう,95,でん粉
77,はじめての離乳食 裏ごしかぼちゃ,52,かぼちゃペースト
77,はじめての離乳食 裏ごしかぼちゃ,97,デキストリン
77,はじめての離乳食 裏ごしかぼちゃ,95,でん粉
78,はじめての離乳食 裏ごしとうもろこし,68,とうもろこしペースト
78,はじめての離乳食 裏ごしとうもろこし,95,でん粉
79,はじめての離乳食 裏ごしおさかな,10,たらほぐし身
79,はじめての離乳食 裏ごしおさかな,97,デキストリン
79,はじめての離乳食 裏ごしおさかな,95,でん粉
80,はじめての離乳食 裏ごしさつまいも,91,さつまいも
80,はじめての離乳食 裏ごしさつまいも,95,でん粉
80,はじめての離乳食 裏ごしさつまいも,97,デキストリン
81,はじめての離乳食 裏ごしにんじん,73,にんじんペースト
81,はじめての離乳食 裏ごしにんじん,97,デキストリン
81,はじめての離乳食 裏ごしにんじん,95,でん粉
82,はじめての離乳食 裏ごし鶏レバーと野菜,73,にんじんペースト
82,はじめての離乳食 裏ごし鶏レバーと野菜,52,かぼちゃペースト
82,はじめての離乳食 裏ごし鶏レバーと野菜,64,たまねぎペースト
82,はじめての離乳食 裏ごし鶏レバーと野菜,68,とうもろこしペースト
82,はじめての離乳食 裏ごし鶏レバーと野菜,97,デキストリン
82,はじめての離乳食 裏ごし鶏レバーと野菜,22,鶏レバー
82,はじめての離乳食 裏ごし鶏レバーと野菜,95,でん粉
83,はじめての離乳食 裏ごし鶏ささみと野菜,77,ほうれんそう
83,はじめての離乳食 裏ごし鶏ささみと野菜,21,鶏ほぐし身
83,はじめての離乳食 裏ごし鶏ささみと野菜,97,デキストリン
83,はじめての離乳食 裏ごし鶏ささみと野菜,68,とうもろこしペースト
83,はじめての離乳食 裏ごし鶏ささみと野菜,95,でん粉
83,はじめての離乳食 裏ごし鶏ささみと野菜,64,たまねぎペースト
84,栄養マルシェ しらすの雑炊,104,精白米
84,栄養マルシェ しらすの雑炊,70,にんじん
84,栄養マルシェ しらすの雑炊,4,しらす
84,栄養マルシェ しらすの雑炊,11,ちりめんエキス
84,栄養マルシェ しらすの雑炊,84,キャベツ
84,栄養マルシェ しらすの雑炊,64,たまねぎペースト
84,栄養マルシェ しらすの雑炊,103,米酢
84,栄養マルシェ しらすの雑炊,100,加工でん粉
85,栄養マルシェ 彩り野菜の汁椀,60,じゃがいも
85,栄養マルシェ 彩り野菜の汁椀,70,にんじん
85,栄養マルシェ 彩り野菜の汁椀,108,かつお昆布だし
85,栄養マルシェ 彩り野菜の汁椀,64,たまねぎペースト
85,栄養マルシェ 彩り野菜の汁椀,59,さやいんげん
85,栄養マルシェ 彩り野菜の汁椀,115,チキンブイヨン
85,栄養マルシェ 彩り野菜の汁椀,21,鶏ほぐし身
85,栄養マルシェ 彩り野菜の汁椀,126,ぶどう糖
85,栄養マルシェ 彩り野菜の汁椀,124,しょうゆ
85,栄養マルシェ 彩り野菜の汁椀,139,食塩
85,栄養マルシェ 彩り野菜の汁椀,103,米酢
85,栄養マルシェ 彩り野菜の汁椀,100,加工でん粉
86,栄養マルシェ さつまいもとかぼちゃのおかゆ,43,豆乳
86,栄養マルシェ さつまいもとかぼちゃのおかゆ,104,精白米
86,栄養マルシェ さつまいもとかぼちゃのおかゆ,70,にんじん
86,栄養マルシェ さつまいもとかぼちゃのおかゆ,91,さつまいも
86,栄養マルシェ さつまいもとかぼちゃのおかゆ,92,りんごピューレー
86,栄養マルシェ さつまいもとかぼちゃのおかゆ,50,かぼちゃ
86,栄養マルシェ さつまいもとかぼちゃのおかゆ,136,砂糖
86,栄養マルシェ さつまいもとかぼちゃのおかゆ,115,チキンブイヨン
86,栄養マルシェ さつまいもとかぼちゃのおかゆ,139,食塩
86,栄養マルシェ さつまいもとかぼちゃのおかゆ,103,米酢
86,栄養マルシェ さつまいもとかぼちゃのおかゆ,100,加工でん粉
87,栄養マルシェ 白身魚と野菜の洋風煮込み,70,にんじん
87,栄養マルシェ 白身魚と野菜の洋風煮込み,64,たまねぎペースト
87,栄養マルシェ 白身魚と野菜の洋風煮込み,60,じゃがいも
87,栄養マルシェ 白身魚と野菜の洋風煮込み,52,かぼちゃペースト
87,栄養マルシェ 白身魚と野菜の洋風煮込み,10,たらほぐし身
87,栄養マルシェ 白身魚と野菜の洋風煮込み,115,チキンブイヨン
87,栄養マルシェ 白身魚と野菜の洋風煮込み,134,植物油脂
87,栄養マルシェ 白身魚と野菜の洋風煮込み,103,米酢
87,栄養マルシェ 白身魚と野菜の洋風煮込み,139,食塩
87,栄養マルシェ 白身魚と野菜の洋風煮込み,100,加工でん粉
88,栄養マルシェ やわらか鶏のおかゆ,104,精白米
88,栄養マルシェ やわらか鶏のおかゆ,64,たまねぎペースト
88,栄養マルシェ やわらか鶏のおかゆ,108,かつお昆布だし
88,栄養マルシェ やわらか鶏のおかゆ,21,鶏ほぐし身
88,栄養マルシェ やわらか鶏のおかゆ,70,にんじん
88,栄養マルシェ やわらか鶏のおかゆ,103,米酢
88,栄養マルシェ やわらか鶏のおかゆ,139,食塩
88,栄養マルシェ やわらか鶏のおかゆ,100,加工でん粉
89,栄養マルシェ 野菜あんかけ鯛ごはん,104,精白米
89,栄養マルシェ 野菜あんかけ鯛ごはん,70,にんじん
89,栄養マルシェ 野菜あんかけ鯛ごはん,5,たい
89,栄養マルシェ 野菜あんかけ鯛ごはん,136,砂糖
89,栄養マルシェ 野菜あんかけ鯛ごはん,46,しいたけ水煮
89,栄養マルシェ 野菜あんかけ鯛ごはん,86,ピーマン
89,栄養マルシェ 野菜あんかけ鯛ごはん,112,チキンエキス
89,栄養マルシェ 野菜あんかけ鯛ごはん,13,ほたてエキス
89,栄養マルシェ 野菜あんかけ鯛ごはん,122,ごま油
89,栄養マルシェ 野菜あんかけ鯛ごはん,103,米酢
89,栄養マルシェ 野菜あんかけ鯛ごはん,139,食塩
89,栄養マルシェ 野菜あんかけ鯛ごはん,100,加工でん粉
90,栄養マルシェ まぐろと野菜の炊き込みごはん,104,精白米
90,栄養マルシェ まぐろと野菜の炊き込みごはん,108,かつお昆布だし
90,栄養マルシェ まぐろと野菜の炊き込みごはん,70,にんじん
90,栄養マルシェ まぐろと野菜の炊き込みごはん,14,まぐろ
90,栄養マルシェ まぐろと野菜の炊き込みごはん,139,食塩
90,栄養マルシェ まぐろと野菜の炊き込みごはん,59,さやいんげん
90,栄養マルシェ まぐろと野菜の炊き込みごはん,126,ぶどう糖
90,栄養マルシェ まぐろと野菜の炊き込みごはん,124,しょうゆ
90,栄養マルシェ まぐろと野菜の炊き込みごはん,103,米酢
90,栄養マルシェ まぐろと野菜の炊き込みごはん,100,加工でん粉
91,栄養マルシェ 筑前煮（栄養マルシェ）,70,にんじん
91,栄養マルシェ 筑前煮（栄養マルシェ）,56,ごぼう
91,栄養マルシェ 筑前煮（栄養マルシェ）,58,さといも
91,栄養マルシェ 筑前煮（栄養マルシェ）,60,じゃがいも
91,栄養マルシェ 筑前煮（栄養マルシェ）,108,かつお昆布だし
91,栄養マルシェ 筑前煮（栄養マルシェ）,59,さやいんげん
91,栄養マルシェ 筑前煮（栄養マルシェ）,115,チキンブイヨン
91,栄養マルシェ 筑前煮（栄養マルシェ）,21,鶏ほぐし身
91,栄養マルシェ 筑前煮（栄養マルシェ）,134,植物油脂
91,栄養マルシェ 筑前煮（栄養マルシェ）,46,しいたけ水煮
91,栄養マルシェ 筑前煮（栄養マルシェ）,124,しょうゆ
91,栄養マルシェ 筑前煮（栄養マルシェ）,126,ぶどう糖
91,栄養マルシェ 筑前煮（栄養マルシェ）,103,米酢
91,栄養マルシェ 筑前煮（栄養マルシェ）,139,食塩
91,栄養マルシェ 筑前煮（栄養マルシェ）,100,加工でん粉
92,栄養マルシェ 里芋と豚肉のうま煮,66,だいこん
92,栄養マルシェ 里芋と豚肉のうま煮,20,豚肉
92,栄養マルシェ 里芋と豚肉のうま煮,25,卵白
92,栄養マルシェ 里芋と豚肉のうま煮,95,でん粉
92,栄養マルシェ 里芋と豚肉のうま煮,139,食塩
92,栄養マルシェ 里芋と豚肉のうま煮,70,にんじん
92,栄養マルシェ 里芋と豚肉のうま煮,58,さといも
92,栄養マルシェ 里芋と豚肉のうま煮,112,チキンエキス
92,栄養マルシェ 里芋と豚肉のうま煮,75,はくさい
92,栄養マルシェ 里芋と豚肉のうま煮,136,砂糖
92,栄養マルシェ 里芋と豚肉のうま煮,124,しょうゆ
92,栄養マルシェ 里芋と豚肉のうま煮,60,じゃがいも
92,栄養マルシェ 里芋と豚肉のうま煮,134,植物油脂
92,栄養マルシェ 里芋と豚肉のうま煮,108,かつお昆布だし
92,栄養マルシェ 里芋と豚肉のうま煮,103,米酢
92,栄養マルシェ 里芋と豚肉のうま煮,100,加工でん粉
93,栄養マルシェ たらと彩り野菜のうどん,94,うどん
93,栄養マルシェ たらと彩り野菜のうどん,108,かつお昆布だし
93,栄養マルシェ たらと彩り野菜のうどん,70,にんじん
93,栄養マルシェ たらと彩り野菜のうどん,10,たらほぐし身
93,栄養マルシェ たらと彩り野菜のうどん,66,だいこん
93,栄養マルシェ たらと彩り野菜のうどん,27,卵黄
93,栄養マルシェ たらと彩り野菜のうどん,59,さやいんげん
93,栄養マルシェ たらと彩り野菜のうどん,124,しょうゆ
93,栄養マルシェ たらと彩り野菜のうどん,126,ぶどう糖
93,栄養マルシェ たらと彩り野菜のうどん,103,米酢
93,栄養マルシェ たらと彩り野菜のうどん,150,乾燥わかめ
93,栄養マルシェ たらと彩り野菜のうどん,100,加工でん粉
94,栄養マルシェ 茶わんむし,70,にんじん
94,栄養マルシェ 茶わんむし,27,卵黄
94,栄養マルシェ 茶わんむし,64,たまねぎペースト
94,栄養マルシェ 茶わんむし,108,かつお昆布だし
94,栄養マルシェ 茶わんむし,84,キャベツ
94,栄養マルシェ 茶わんむし,10,たらほぐし身
94,栄養マルシェ 茶わんむし,124,しょうゆ
94,栄養マルシェ 茶わんむし,136,砂糖
94,栄養マルシェ 茶わんむし,151,寒天
94,栄養マルシェ 茶わんむし,103,米酢
94,栄養マルシェ 茶わんむし,139,食塩
94,栄養マルシェ 茶わんむし,100,加工でん粉
95,栄養マルシェ 鶏と野菜のリゾット,104,精白米
95,栄養マルシェ 鶏と野菜のリゾット,21,鶏ほぐし身
95,栄養マルシェ 鶏と野菜のリゾット,64,たまねぎペースト
95,栄養マルシェ 鶏と野菜のリゾット,70,にんじん
95,栄養マルシェ 鶏と野菜のリゾット,112,チキンエキス
95,栄養マルシェ 鶏と野菜のリゾット,52,かぼちゃペースト
95,栄養マルシェ 鶏と野菜のリゾット,126,ぶどう糖
95,栄養マルシェ 鶏と野菜のリゾット,87,ブロッコリー
95,栄養マルシェ 鶏と野菜のリゾット,115,チキンブイヨン
95,栄養マルシェ 鶏と野菜のリゾット,139,食塩
95,栄養マルシェ 鶏と野菜のリゾット,103,米酢
95,栄養マルシェ 鶏と野菜のリゾット,100,加工でん粉
96,栄養マルシェ レバーと野菜の洋風煮込み,70,にんじん
96,栄養マルシェ レバーと野菜の洋風煮込み,60,じゃがいも
96,栄養マルシェ レバーと野菜の洋風煮込み,64,たまねぎペースト
96,栄養マルシェ レバーと野菜の洋風煮込み,22,鶏レバー
96,栄養マルシェ レバーと野菜の洋風煮込み,89,野菜ブイヨンペースト
96,栄養マルシェ レバーと野菜の洋風煮込み,130,トマトケチャップ
96,栄養マルシェ レバーと野菜の洋風煮込み,116,チキン・フィッシュブイヨン
96,栄養マルシェ レバーと野菜の洋風煮込み,133,トマトペースト
96,栄養マルシェ レバーと野菜の洋風煮込み,92,りんごピューレー
96,栄養マルシェ レバーと野菜の洋風煮込み,40,大豆
96,栄養マルシェ レバーと野菜の洋風煮込み,59,さやいんげん
96,栄養マルシェ レバーと野菜の洋風煮込み,136,砂糖
96,栄養マルシェ レバーと野菜の洋風煮込み,112,チキンエキス
96,栄養マルシェ レバーと野菜の洋風煮込み,139,食塩
96,栄養マルシェ レバーと野菜の洋風煮込み,100,加工でん粉
97,栄養マルシェ 鮭のホワイトシチュー,64,たまねぎペースト
97,栄養マルシェ 鮭のホワイトシチュー,70,にんじん
97,栄養マルシェ 鮭のホワイトシチュー,60,じゃがいも
97,栄養マルシェ 鮭のホワイトシチュー,43,豆乳
97,栄養マルシェ 鮭のホワイトシチュー,2,さけほぐし身
97,栄養マルシェ 鮭のホワイトシチュー,87,ブロッコリー
97,栄養マルシェ 鮭のホワイトシチュー,136,砂糖
97,栄養マルシェ 鮭のホワイトシチュー,139,食塩
97,栄養マルシェ 鮭のホワイトシチュー,103,米酢
97,栄養マルシェ 鮭のホワイトシチュー,100,加工でん粉
98,栄養マルシェ 鮭とほうれん草の雑炊,104,精白米
98,栄養マルシェ 鮭とほうれん草の雑炊,115,チキンブイヨン
98,栄養マルシェ 鮭とほうれん草の雑炊,66,だいこん
98,栄養マルシェ 鮭とほうれん草の雑炊,70,にんじん
98,栄養マルシェ 鮭とほうれん草の雑炊,2,さけほぐし身
98,栄養マルシェ 鮭とほうれん草の雑炊,77,ほうれんそう
98,栄養マルシェ 鮭とほうれん草の雑炊,136,砂糖
98,栄養マルシェ 鮭とほうれん草の雑炊,7,たいエキス
98,栄養マルシェ 鮭とほうれん草の雑炊,124,しょうゆ
98,栄養マルシェ 鮭とほうれん草の雑炊,134,植物油脂
98,栄養マルシェ 鮭とほうれん草の雑炊,103,米酢
98,栄養マルシェ 鮭とほうれん草の雑炊,139,食塩
98,栄養マルシェ 鮭とほうれん草の雑炊,100,加工でん粉
99,栄養マルシェ 雪国まいたけごはん,104,精白米
99,栄養マルシェ 雪国まいたけごはん,22,鶏レバー
99,栄養マルシェ 雪国まいたけごはん,20,豚肉
99,栄養マルシェ 雪国まいたけごはん,24,鶏肉
99,栄養マルシェ 雪国まいたけごはん,25,卵白
99,栄養マルシェ 雪国まいたけごはん,95,でん粉
99,栄養マルシェ 雪国まいたけごはん,139,食塩
99,栄養マルシェ 雪国まいたけごはん,70,にんじん
99,栄養マルシェ 雪国まいたけごはん,56,ごぼう
99,栄養マルシェ 雪国まいたけごはん,116,チキン・フィッシュブイヨン
99,栄養マルシェ 雪国まいたけごはん,47,まいたけ水煮
99,栄養マルシェ 雪国まいたけごはん,124,しょうゆ
99,栄養マルシェ 雪国まいたけごはん,115,チキンブイヨン
99,栄養マルシェ 雪国まいたけごはん,136,砂糖
99,栄養マルシェ 雪国まいたけごはん,134,植物油脂
99,栄養マルシェ 雪国まいたけごはん,13,ほたてエキス
99,栄養マルシェ 雪国まいたけごはん,103,米酢
99,栄養マルシェ 雪国まいたけごはん,100,加工でん粉
100,栄養マルシェ すき焼き風煮込み,70,にんじん
100,栄養マルシェ すき焼き風煮込み,60,じゃがいも
100,栄養マルシェ すき焼き風煮込み,75,はくさい
100,栄養マルシェ すき焼き風煮込み,18,牛肉
100,栄養マルシェ すき焼き風煮込み,95,でん粉
100,栄養マルシェ すき焼き風煮込み,25,卵白
100,栄養マルシェ すき焼き風煮込み,139,食塩
100,栄養マルシェ すき焼き風煮込み,64,たまねぎペースト
100,栄養マルシェ すき焼き風煮込み,56,ごぼう
100,栄養マルシェ すき焼き風煮込み,108,かつお昆布だし
100,栄養マルシェ すき焼き風煮込み,124,しょうゆ
100,栄養マルシェ すき焼き風煮込み,59,さやいんげん
100,栄養マルシェ すき焼き風煮込み,136,砂糖
100,栄養マルシェ すき焼き風煮込み,46,しいたけ水煮
100,栄養マルシェ すき焼き風煮込み,134,植物油脂
100,栄養マルシェ すき焼き風煮込み,103,米酢
100,栄養マルシェ すき焼き風煮込み,13,ほたてエキス
100,栄養マルシェ すき焼き風煮込み,100,加工でん粉
101,栄養マルシェ 彩り野菜のチキンリゾット,104,精白米
101,栄養マルシェ 彩り野菜のチキンリゾット,64,たまねぎペースト
101,栄養マルシェ 彩り野菜のチキンリゾット,70,にんじん
101,栄養マルシェ 彩り野菜のチキンリゾット,24,鶏肉
101,栄養マルシェ 彩り野菜のチキンリゾット,98,パン粉
101,栄養マルシェ 彩り野菜のチキンリゾット,61,たまねぎ
101,栄養マルシェ 彩り野菜のチキンリゾット,95,でん粉
101,栄養マルシェ 彩り野菜のチキンリゾット,139,食塩
101,栄養マルシェ 彩り野菜のチキンリゾット,133,トマトペースト
101,栄養マルシェ 彩り野菜のチキンリゾット,130,トマトケチャップ
101,栄養マルシェ 彩り野菜のチキンリゾット,87,ブロッコリー
101,栄養マルシェ 彩り野菜のチキンリゾット,115,チキンブイヨン
101,栄養マルシェ 彩り野菜のチキンリゾット,126,ぶどう糖
101,栄養マルシェ 彩り野菜のチキンリゾット,33,バター
101,栄養マルシェ 彩り野菜のチキンリゾット,100,加工でん粉
102,栄養マルシェ ポテトとツナのグラタン,43,豆乳
102,栄養マルシェ ポテトとツナのグラタン,60,じゃがいも
102,栄養マルシェ ポテトとツナのグラタン,70,にんじん
102,栄養マルシェ ポテトとツナのグラタン,64,たまねぎペースト
102,栄養マルシェ ポテトとツナのグラタン,84,キャベツ
102,栄養マルシェ ポテトとツナのグラタン,67,とうもろこし
102,栄養マルシェ ポテトとツナのグラタン,14,まぐろ
102,栄養マルシェ ポテトとツナのグラタン,139,食塩
102,栄養マルシェ ポテトとツナのグラタン,136,砂糖
102,栄養マルシェ ポテトとツナのグラタン,112,チキンエキス
102,栄養マルシェ ポテトとツナのグラタン,50,かぼちゃ
102,栄養マルシェ ポテトとツナのグラタン,116,チキン・フィッシュブイヨン
102,栄養マルシェ ポテトとツナのグラタン,114,チキンオイル
102,栄養マルシェ ポテトとツナのグラタン,103,米酢
102,栄養マルシェ ポテトとツナのグラタン,100,加工でん粉
103,栄養マルシェ 和風ハンバーグ,18,牛肉
103,栄養マルシェ 和風ハンバーグ,61,たまねぎ
103,栄養マルシェ 和風ハンバーグ,24,鶏肉
103,栄養マルシェ 和風ハンバーグ,98,パン粉
103,栄養マルシェ 和風ハンバーグ,42,粒状大豆たん白
103,栄養マルシェ 和風ハンバーグ,41,粉末状大豆たん白
103,栄養マルシェ 和風ハンバーグ,139,食塩
103,栄養マルシェ 和風ハンバーグ,64,たまねぎペースト
103,栄養マルシェ 和風ハンバーグ,70,にんじん
103,栄養マルシェ 和風ハンバーグ,56,ごぼう
103,栄養マルシェ 和風ハンバーグ,86,ピーマン
103,栄養マルシェ 和風ハンバーグ,136,砂糖
103,栄養マルシェ 和風ハンバーグ,124,しょうゆ
103,栄養マルシェ 和風ハンバーグ,46,しいたけ水煮
103,栄養マルシェ 和風ハンバーグ,103,米酢
103,栄養マルシェ 和風ハンバーグ,100,加工でん粉
104,栄養マルシェ わかめとしらすのごはん,104,精白米
104,栄養マルシェ わかめとしらすのごはん,70,にんじん
104,栄養マルシェ わかめとしらすのごはん,4,しらす
104,栄養マルシェ わかめとしらすのごはん,108,かつお昆布だし
104,栄養マルシェ わかめとしらすのごはん,134,植物油脂
104,栄養マルシェ わかめとしらすのごはん,13,ほたてエキス
104,栄養マルシェ わかめとしらすのごはん,11,ちりめんエキス
104,栄養マルシェ わかめとしらすのごはん,126,ぶどう糖
104,栄養マルシェ わかめとしらすのごはん,103,米酢
104,栄養マルシェ わかめとしらすのごはん,150,乾燥わかめ
104,栄養マルシェ わかめとしらすのごはん,139,食塩
104,栄養マルシェ わかめとしらすのごはん,100,加工でん粉
105,栄養マルシェ 鮭と椎茸のまぜごはん,104,精白米
105,栄養マルシェ 鮭と椎茸のまぜごはん,70,にんじん
105,栄養マルシェ 鮭と椎茸のまぜごはん,108,かつお昆布だし
105,栄養マルシェ 鮭と椎茸のまぜごはん,2,さけほぐし身
105,栄養マルシェ 鮭と椎茸のまぜごはん,46,しいたけ水煮
105,栄養マルシェ 鮭と椎茸のまぜごはん,136,砂糖
105,栄養マルシェ 鮭と椎茸のまぜごはん,124,しょうゆ
105,栄養マルシェ 鮭と椎茸のまぜごはん,139,食塩
105,栄養マルシェ 鮭と椎茸のまぜごはん,103,米酢
105,栄養マルシェ 鮭と椎茸のまぜごはん,100,加工でん粉
106,栄養マルシェ 牛肉とほっくりじゃがいもの煮物,64,たまねぎペースト
106,栄養マルシェ 牛肉とほっくりじゃがいもの煮物,60,じゃがいも
106,栄養マルシェ 牛肉とほっくりじゃがいもの煮物,18,牛肉
106,栄養マルシェ 牛肉とほっくりじゃがいもの煮物,70,にんじん
106,栄養マルシェ 牛肉とほっくりじゃがいもの煮物,108,かつお昆布だし
106,栄養マルシェ 牛肉とほっくりじゃがいもの煮物,67,とうもろこし
106,栄養マルシェ 牛肉とほっくりじゃがいもの煮物,136,砂糖
106,栄養マルシェ 牛肉とほっくりじゃがいもの煮物,124,しょうゆ
106,栄養マルシェ 牛肉とほっくりじゃがいもの煮物,115,チキンブイヨン
106,栄養マルシェ 牛肉とほっくりじゃがいもの煮物,134,植物油脂
106,栄養マルシェ 牛肉とほっくりじゃがいもの煮物,139,食塩
106,栄養マルシェ 牛肉とほっくりじゃがいもの煮物,103,米酢
106,栄養マルシェ 牛肉とほっくりじゃがいもの煮物,100,加工でん粉
107,栄養マルシェ 牛肉おこわ,104,精白米
107,栄養マルシェ 牛肉おこわ,18,牛肉
107,栄養マルシェ 牛肉おこわ,64,たまねぎペースト
107,栄養マルシェ 牛肉おこわ,70,にんじん
107,栄養マルシェ 牛肉おこわ,115,チキンブイヨン
107,栄養マルシェ 牛肉おこわ,126,ぶどう糖
107,栄養マルシェ 牛肉おこわ,59,さやいんげん
107,栄養マルシェ 牛肉おこわ,124,しょうゆ
107,栄養マルシェ 牛肉おこわ,130,トマトケチャップ
107,栄養マルシェ 牛肉おこわ,139,食塩
107,栄養マルシェ 牛肉おこわ,103,米酢
107,栄養マルシェ 牛肉おこわ,100,加工でん粉
108,栄養マルシェ とうふハンバーグ,24,鶏肉
108,栄養マルシェ とうふハンバーグ,61,たまねぎ
108,栄養マルシェ とうふハンバーグ,44,豆腐
108,栄養マルシェ とうふハンバーグ,42,粒状大豆たん白
108,栄養マルシェ とうふハンバーグ,95,でん粉
108,栄養マルシェ とうふハンバーグ,41,粉末状大豆たん白
108,栄養マルシェ とうふハンバーグ,139,食塩
108,栄養マルシェ とうふハンバーグ,64,たまねぎペースト
108,栄養マルシェ とうふハンバーグ,84,キャベツ
108,栄養マルシェ とうふハンバーグ,70,にんじん
108,栄養マルシェ とうふハンバーグ,115,チキンブイヨン
108,栄養マルシェ とうふハンバーグ,86,ピーマン
108,栄養マルシェ とうふハンバーグ,122,ごま油
108,栄養マルシェ とうふハンバーグ,124,しょうゆ
108,栄養マルシェ とうふハンバーグ,136,砂糖
108,栄養マルシェ とうふハンバーグ,103,米酢
108,栄養マルシェ とうふハンバーグ,100,加工でん粉
109,栄養マルシェ じゃがいもとお肉のカレーライス,104,精白米
109,栄養マルシェ じゃがいもとお肉のカレーライス,60,じゃがいも
109,栄養マルシェ じゃがいもとお肉のカレーライス,70,にんじん
109,栄養マルシェ じゃがいもとお肉のカレーライス,64,たまねぎペースト
109,栄養マルシェ じゃがいもとお肉のカレーライス,18,牛肉
109,栄養マルシェ じゃがいもとお肉のカレーライス,136,砂糖
109,栄養マルシェ じゃがいもとお肉のカレーライス,124,しょうゆ
109,栄養マルシェ じゃがいもとお肉のカレーライス,115,チキンブイヨン
109,栄養マルシェ じゃがいもとお肉のカレーライス,114,チキンオイル
109,栄養マルシェ じゃがいもとお肉のカレーライス,92,りんごピューレー
109,栄養マルシェ じゃがいもとお肉のカレーライス,129,カレー粉
109,栄養マルシェ じゃがいもとお肉のカレーライス,139,食塩
109,栄養マルシェ じゃがいもとお肉のカレーライス,103,米酢
109,栄養マルシェ じゃがいもとお肉のカレーライス,100,加工でん粉
110,BIGサイズの栄養マルシェ 鶏おこわ,104,精白米
110,BIGサイズの栄養マルシェ 鶏おこわ,70,にんじん
110,BIGサイズの栄養マルシェ 鶏おこわ,108,かつお昆布だし
110,BIGサイズの栄養マルシェ 鶏おこわ,56,ごぼう
110,BIGサイズの栄養マルシェ 鶏おこわ,21,鶏ほぐし身
110,BIGサイズの栄養マルシェ 鶏おこわ,115,チキンブイヨン
110,BIGサイズの栄養マルシェ 鶏おこわ,136,砂糖
110,BIGサイズの栄養マルシェ 鶏おこわ,124,しょうゆ
110,BIGサイズの栄養マルシェ 鶏おこわ,46,しいたけ水煮
110,BIGサイズの栄養マルシェ 鶏おこわ,103,米酢
110,BIGサイズの栄養マルシェ 鶏おこわ,139,食塩
110,BIGサイズの栄養マルシェ 鶏おこわ,100,加工でん粉
111,BIGサイズの栄養マルシェ 鯛めし,104,精白米
111,BIGサイズの栄養マルシェ 鯛めし,70,にんじん
111,BIGサイズの栄養マルシェ 鯛めし,108,かつお昆布だし
111,BIGサイズの栄養マルシェ 鯛めし,5,たい
111,BIGサイズの栄養マルシェ 鯛めし,136,砂糖
111,BIGサイズの栄養マルシェ 鯛めし,66,だいこん
111,BIGサイズの栄養マルシェ 鯛めし,7,たいエキス
111,BIGサイズの栄養マルシェ 鯛めし,134,植物油脂
111,BIGサイズの栄養マルシェ 鯛めし,139,食塩
111,BIGサイズの栄養マルシェ 鯛めし,124,しょうゆ
111,BIGサイズの栄養マルシェ 鯛めし,103,米酢
111,BIGサイズの栄養マルシェ 鯛めし,100,加工でん粉
112,BIGサイズの栄養マルシェ 根菜きんぴら,70,にんじん
112,BIGサイズの栄養マルシェ 根菜きんぴら,56,ごぼう
112,BIGサイズの栄養マルシェ 根菜きんぴら,10,たらほぐし身
112,BIGサイズの栄養マルシェ 根菜きんぴら,81,れんこん
112,BIGサイズの栄養マルシェ 根菜きんぴら,40,大豆
112,BIGサイズの栄養マルシェ 根菜きんぴら,124,しょうゆ
112,BIGサイズの栄養マルシェ 根菜きんぴら,136,砂糖
112,BIGサイズの栄養マルシェ 根菜きんぴら,59,さやいんげん
112,BIGサイズの栄養マルシェ 根菜きんぴら,13,ほたてエキス
112,BIGサイズの栄養マルシェ 根菜きんぴら,122,ごま油
112,BIGサイズの栄養マルシェ 根菜きんぴら,103,米酢
112,BIGサイズの栄養マルシェ 根菜きんぴら,139,食塩
112,BIGサイズの栄養マルシェ 根菜きんぴら,100,加工でん粉
113,BIGサイズの栄養マルシェ 五目中華丼,104,精白米
113,BIGサイズの栄養マルシェ 五目中華丼,70,にんじん
113,BIGサイズの栄養マルシェ 五目中華丼,61,たまねぎ
113,BIGサイズの栄養マルシェ 五目中華丼,115,チキンブイヨン
113,BIGサイズの栄養マルシェ 五目中華丼,19,豚ひき肉
113,BIGサイズの栄養マルシェ 五目中華丼,84,キャベツ
113,BIGサイズの栄養マルシェ 五目中華丼,86,ピーマン
113,BIGサイズの栄養マルシェ 五目中華丼,59,さやいんげん
113,BIGサイズの栄養マルシェ 五目中華丼,136,砂糖
113,BIGサイズの栄養マルシェ 五目中華丼,124,しょうゆ
113,BIGサイズの栄養マルシェ 五目中華丼,13,ほたてエキス
113,BIGサイズの栄養マルシェ 五目中華丼,122,ごま油
113,BIGサイズの栄養マルシェ 五目中華丼,103,米酢
113,BIGサイズの栄養マルシェ 五目中華丼,139,食塩
113,BIGサイズの栄養マルシェ 五目中華丼,100,加工でん粉
114,BIGサイズの栄養マルシェ 鮭と根菜の五目ごはん,104,精白米
114,BIGサイズの栄養マルシェ 鮭と根菜の五目ごはん,70,にんじん
114,BIGサイズの栄養マルシェ 鮭と根菜の五目ごはん,2,さけほぐし身
114,BIGサイズの栄養マルシェ 鮭と根菜の五目ごはん,59,さやいんげん
114,BIGサイズの栄養マルシェ 鮭と根菜の五目ごはん,66,だいこん
114,BIGサイズの栄養マルシェ 鮭と根菜の五目ごはん,81,れんこん
114,BIGサイズの栄養マルシェ 鮭と根菜の五目ごはん,56,ごぼう
114,BIGサイズの栄養マルシェ 鮭と根菜の五目ごはん,136,砂糖
114,BIGサイズの栄養マルシェ 鮭と根菜の五目ごはん,124,しょうゆ
114,BIGサイズの栄養マルシェ 鮭と根菜の五目ごはん,13,ほたてエキス
114,BIGサイズの栄養マルシェ 鮭と根菜の五目ごはん,108,かつお昆布だし
114,BIGサイズの栄養マルシェ 鮭と根菜の五目ごはん,11,ちりめんエキス
114,BIGサイズの栄養マルシェ 鮭と根菜の五目ごはん,139,食塩
114,BIGサイズの栄養マルシェ 鮭と根菜の五目ごはん,134,植物油脂
114,BIGサイズの栄養マルシェ 鮭と根菜の五目ごはん,103,米酢
114,BIGサイズの栄養マルシェ 鮭と根菜の五目ごはん,100,加工でん粉
115,BIGサイズの栄養マルシェ 豆腐と野菜の京風煮,40,大豆
115,BIGサイズの栄養マルシェ 豆腐と野菜の京風煮,97,デキストリン
115,BIGサイズの栄養マルシェ 豆腐と野菜の京風煮,95,でん粉
115,BIGサイズの栄養マルシェ 豆腐と野菜の京風煮,70,にんじん
115,BIGサイズの栄養マルシェ 豆腐と野菜の京風煮,66,だいこん
115,BIGサイズの栄養マルシェ 豆腐と野菜の京風煮,108,かつお昆布だし
115,BIGサイズの栄養マルシェ 豆腐と野菜の京風煮,5,たい
115,BIGサイズの栄養マルシェ 豆腐と野菜の京風煮,136,砂糖
115,BIGサイズの栄養マルシェ 豆腐と野菜の京風煮,124,しょうゆ
115,BIGサイズの栄養マルシェ 豆腐と野菜の京風煮,59,さやいんげん
115,BIGサイズの栄養マルシェ 豆腐と野菜の京風煮,134,植物油脂
115,BIGサイズの栄養マルシェ 豆腐と野菜の京風煮,46,しいたけ水煮
115,BIGサイズの栄養マルシェ 豆腐と野菜の京風煮,103,米酢
115,BIGサイズの栄養マルシェ 豆腐と野菜の京風煮,139,食塩
115,BIGサイズの栄養マルシェ 豆腐と野菜の京風煮,150,乾燥わかめ
115,BIGサイズの栄養マルシェ 豆腐と野菜の京風煮,100,加工でん粉
115,BIGサイズの栄養マルシェ 豆腐と野菜の京風煮,45,豆腐用凝固剤
116,BIGサイズの栄養マルシェ 彩り野菜の豚丼,104,精白米
116,BIGサイズの栄養マルシェ 彩り野菜の豚丼,19,豚ひき肉
116,BIGサイズの栄養マルシェ 彩り野菜の豚丼,61,たまねぎ
116,BIGサイズの栄養マルシェ 彩り野菜の豚丼,70,にんじん
116,BIGサイズの栄養マルシェ 彩り野菜の豚丼,67,とうもろこし
116,BIGサイズの栄養マルシェ 彩り野菜の豚丼,112,チキンエキス
116,BIGサイズの栄養マルシェ 彩り野菜の豚丼,86,ピーマン
116,BIGサイズの栄養マルシェ 彩り野菜の豚丼,136,砂糖
116,BIGサイズの栄養マルシェ 彩り野菜の豚丼,124,しょうゆ
116,BIGサイズの栄養マルシェ 彩り野菜の豚丼,108,かつお昆布だし
116,BIGサイズの栄養マルシェ 彩り野菜の豚丼,134,植物油脂
116,BIGサイズの栄養マルシェ 彩り野菜の豚丼,139,食塩
116,BIGサイズの栄養マルシェ 彩り野菜の豚丼,127,みそ
116,BIGサイズの栄養マルシェ 彩り野菜の豚丼,103,米酢
116,BIGサイズの栄養マルシェ 彩り野菜の豚丼,100,加工でん粉
117,BIGサイズの栄養マルシェ つぶつぶコーンクリームシチュー,68,とうもろこしペースト
117,BIGサイズの栄養マルシェ つぶつぶコーンクリームシチュー,24,鶏肉
117,BIGサイズの栄養マルシェ つぶつぶコーンクリームシチュー,98,パン粉
117,BIGサイズの栄養マルシェ つぶつぶコーンクリームシチュー,61,たまねぎ
117,BIGサイズの栄養マルシェ つぶつぶコーンクリームシチュー,95,でん粉
117,BIGサイズの栄養マルシェ つぶつぶコーンクリームシチュー,139,食塩
117,BIGサイズの栄養マルシェ つぶつぶコーンクリームシチュー,67,とうもろこし
117,BIGサイズの栄養マルシェ つぶつぶコーンクリームシチュー,70,にんじん
117,BIGサイズの栄養マルシェ つぶつぶコーンクリームシチュー,60,じゃがいも
117,BIGサイズの栄養マルシェ つぶつぶコーンクリームシチュー,30,クリーム
117,BIGサイズの栄養マルシェ つぶつぶコーンクリームシチュー,87,ブロッコリー
117,BIGサイズの栄養マルシェ つぶつぶコーンクリームシチュー,116,チキン・フィッシュブイヨン
117,BIGサイズの栄養マルシェ つぶつぶコーンクリームシチュー,136,砂糖
117,BIGサイズの栄養マルシェ つぶつぶコーンクリームシチュー,115,チキンブイヨン
117,BIGサイズの栄養マルシェ つぶつぶコーンクリームシチュー,103,米酢
117,BIGサイズの栄養マルシェ つぶつぶコーンクリームシチュー,100,加工でん粉
118,BIGサイズの栄養マルシェ 京風雑炊,104,精白米
118,BIGサイズの栄養マルシェ 京風雑炊,66,だいこん
118,BIGサイズの栄養マルシェ 京風雑炊,75,はくさい
118,BIGサイズの栄養マルシェ 京風雑炊,70,にんじん
118,BIGサイズの栄養マルシェ 京風雑炊,108,かつお昆布だし
118,BIGサイズの栄養マルシェ 京風雑炊,10,たらほぐし身
118,BIGサイズの栄養マルシェ 京風雑炊,124,しょうゆ
118,BIGサイズの栄養マルシェ 京風雑炊,47,まいたけ水煮
118,BIGサイズの栄養マルシェ 京風雑炊,136,砂糖
118,BIGサイズの栄養マルシェ 京風雑炊,7,たいエキス
118,BIGサイズの栄養マルシェ 京風雑炊,103,米酢
118,BIGサイズの栄養マルシェ 京風雑炊,139,食塩
118,BIGサイズの栄養マルシェ 京風雑炊,100,加工でん粉
119,BIGサイズの栄養マルシェ 具だくさん豚汁,60,じゃがいも
119,BIGサイズの栄養マルシェ 具だくさん豚汁,61,たまねぎ
119,BIGサイズの栄養マルシェ 具だくさん豚汁,19,豚ひき肉
119,BIGサイズの栄養マルシェ 具だくさん豚汁,70,にんじん
119,BIGサイズの栄養マルシェ 具だくさん豚汁,66,だいこん
119,BIGサイズの栄養マルシェ 具だくさん豚汁,56,ごぼう
119,BIGサイズの栄養マルシェ 具だくさん豚汁,47,まいたけ水煮
119,BIGサイズの栄養マルシェ 具だくさん豚汁,136,砂糖
119,BIGサイズの栄養マルシェ 具だくさん豚汁,108,かつお昆布だし
119,BIGサイズの栄養マルシェ 具だくさん豚汁,124,しょうゆ
119,BIGサイズの栄養マルシェ 具だくさん豚汁,112,チキンエキス
119,BIGサイズの栄養マルシェ 具だくさん豚汁,134,植物油脂
119,BIGサイズの栄養マルシェ 具だくさん豚汁,127,みそ
119,BIGサイズの栄養マルシェ 具だくさん豚汁,139,食塩
119,BIGサイズの栄養マルシェ 具だくさん豚汁,100,加工でん粉
120,BIGサイズの栄養マルシェ たらと根菜の和風煮,70,にんじん
120,BIGサイズの栄養マルシェ たらと根菜の和風煮,56,ごぼう
120,BIGサイズの栄養マルシェ たらと根菜の和風煮,10,たらほぐし身
120,BIGサイズの栄養マルシェ たらと根菜の和風煮,66,だいこん
120,BIGサイズの栄養マルシェ たらと根菜の和風煮,40,大豆
120,BIGサイズの栄養マルシェ たらと根菜の和風煮,124,しょうゆ
120,BIGサイズの栄養マルシェ たらと根菜の和風煮,136,砂糖
120,BIGサイズの栄養マルシェ たらと根菜の和風煮,81,れんこん
120,BIGサイズの栄養マルシェ たらと根菜の和風煮,59,さやいんげん
120,BIGサイズの栄養マルシェ たらと根菜の和風煮,13,ほたてエキス
120,BIGサイズの栄養マルシェ たらと根菜の和風煮,122,ごま油
120,BIGサイズの栄養マルシェ たらと根菜の和風煮,103,米酢
120,BIGサイズの栄養マルシェ たらと根菜の和風煮,139,食塩
120,BIGサイズの栄養マルシェ たらと根菜の和風煮,100,加工でん粉
121,BIGサイズの栄養マルシェ やわらか牛肉と野菜のクリーム煮,64,たまねぎペースト
121,BIGサイズの栄養マルシェ やわらか牛肉と野菜のクリーム煮,60,じゃがいも
121,BIGサイズの栄養マルシェ やわらか牛肉と野菜のクリーム煮,70,にんじん
121,BIGサイズの栄養マルシェ やわらか牛肉と野菜のクリーム煮,38,牛乳
121,BIGサイズの栄養マルシェ やわらか牛肉と野菜のクリーム煮,18,牛肉
121,BIGサイズの栄養マルシェ やわらか牛肉と野菜のクリーム煮,95,でん粉
121,BIGサイズの栄養マルシェ やわらか牛肉と野菜のクリーム煮,25,卵白
121,BIGサイズの栄養マルシェ やわらか牛肉と野菜のクリーム煮,139,食塩
121,BIGサイズの栄養マルシェ やわらか牛肉と野菜のクリーム煮,84,キャベツ
121,BIGサイズの栄養マルシェ やわらか牛肉と野菜のクリーム煮,37,全粉乳
121,BIGサイズの栄養マルシェ やわらか牛肉と野菜のクリーム煮,59,さやいんげん
121,BIGサイズの栄養マルシェ やわらか牛肉と野菜のクリーム煮,30,クリーム
121,BIGサイズの栄養マルシェ やわらか牛肉と野菜のクリーム煮,136,砂糖
121,BIGサイズの栄養マルシェ やわらか牛肉と野菜のクリーム煮,103,米酢
121,BIGサイズの栄養マルシェ やわらか牛肉と野菜のクリーム煮,112,チキンエキス
121,BIGサイズの栄養マルシェ やわらか牛肉と野菜のクリーム煮,100,加工でん粉
122,手作り応援 おいしい米がゆ,102,米粉
122,手作り応援 おいしい米がゆ,140,食用油脂
122,手作り応援 おいしい米がゆ,145,ビタミンＥ
123,手作り応援 おいしい野菜がゆ,102,米粉
123,手作り応援 おいしい野菜がゆ,140,食用油脂
123,手作り応援 おいしい野菜がゆ,74,にんじん粉末
123,手作り応援 おいしい野菜がゆ,80,ほうれんそう粉末
123,手作り応援 おいしい野菜がゆ,55,こまつな粉末
123,手作り応援 おいしい野菜がゆ,145,ビタミンＥ
124,手作り応援 おいしいパンがゆ風,101,小麦粉
124,手作り応援 おいしいパンがゆ風,39,脱脂粉乳
124,手作り応援 おいしいパンがゆ風,35,乳等を主要原料とする食品
124,手作り応援 おいしいパンがゆ風,37,全粉乳
124,手作り応援 おいしいパンがゆ風,135,水あめ
124,手作り応援 おいしいパンがゆ風,140,食用油脂
124,手作り応援 おいしいパンがゆ風,148,炭酸カルシウム
124,手作り応援 おいしいパンがゆ風,144,ビタミンＣ
124,手作り応援 おいしいパンがゆ風,145,ビタミンＥ
124,手作り応援 おいしいパンがゆ風,146,ピロリン酸鉄
125,手作り応援 コーンクリームスープ,69,とうもろこし粉末
125,手作り応援 コーンクリームスープ,39,脱脂粉乳
125,手作り応援 コーンクリームスープ,36,乳糖
125,手作り応援 コーンクリームスープ,95,でん粉
125,手作り応援 コーンクリームスープ,37,全粉乳
125,手作り応援 コーンクリームスープ,126,ぶどう糖
125,手作り応援 コーンクリームスープ,97,デキストリン
125,手作り応援 コーンクリームスープ,139,食塩
125,手作り応援 コーンクリームスープ,63,たまねぎエキス粉末
125,手作り応援 コーンクリームスープ,146,ピロリン酸鉄
125,手作り応援 コーンクリームスープ,145,ビタミンＥ
126,手作り応援 パンプキンスープ,36,乳糖
126,手作り応援 パンプキンスープ,95,でん粉
126,手作り応援 パンプキンスープ,53,かぼちゃ粉末
126,手作り応援 パンプキンスープ,39,脱脂粉乳
126,手作り応援 パンプキンスープ,97,デキストリン
126,手作り応援 パンプキンスープ,37,全粉乳
126,手作り応援 パンプキンスープ,126,ぶどう糖
126,手作り応援 パンプキンスープ,139,食塩
126,手作り応援 パンプキンスープ,63,たまねぎエキス粉末
126,手作り応援 パンプキンスープ,146,ピロリン酸鉄
126,手作り応援 パンプキンスープ,145,ビタミンＥ
127,手作り応援 野菜スープ,97,デキストリン
127,手作り応援 野菜スープ,71,にんじんエキス
127,手作り応援 野菜スープ,62,たまねぎエキス
127,手作り応援 野菜スープ,61,たまねぎ
127,手作り応援 野菜スープ,139,食塩
127,手作り応援 野菜スープ,60,じゃがいも
127,手作り応援 野菜スープ,70,にんじん
127,手作り応援 野菜スープ,85,セロリ
127,手作り応援 野菜スープ,146,ピロリン酸鉄
128,手作り応援 和風だし,97,デキストリン
128,手作り応援 和風だし,106,かつおエキス
128,手作り応援 和風だし,109,かつお節エキス
128,手作り応援 和風だし,118,昆布エキス
128,手作り応援 和風だし,139,食塩
128,手作り応援 和風だし,146,ピロリン酸鉄
129,手作り応援 コンソメ,115,チキンブイヨン
129,手作り応援 コンソメ,97,デキストリン
129,手作り応援 コンソメ,139,食塩
129,手作り応援 コンソメ,62,たまねぎエキス
129,手作り応援 コンソメ,71,にんじんエキス
129,手作り応援 コンソメ,146,ピロリン酸鉄
130,手作り応援 ホワイトソース,37,全粉乳
130,手作り応援 ホワイトソース,97,デキストリン
130,手作り応援 ホワイトソース,39,脱脂粉乳
130,手作り応援 ホワイトソース,112,チキンエキス
130,手作り応援 ホワイトソース,33,バター
130,手作り応援 ホワイトソース,82,オニオンソテー
130,手作り応援 ホワイトソース,95,でん粉
130,手作り応援 ホワイトソース,139,食塩
130,手作り応援 ホワイトソース,146,ピロリン酸鉄
131,手作り応援 ほうれん草と小松菜,77,ほうれんそう
131,手作り応援 ほうれん草と小松菜,54,こまつな
131,手作り応援 ほうれん草と小松菜,60,じゃがいも
131,手作り応援 ほうれん草と小松菜,101,小麦粉
131,手作り応援 ほうれん草と小松菜,97,デキストリン
131,手作り応援 ほうれん草と小松菜,140,食用油脂
131,手作り応援 ほうれん草と小松菜,145,ビタミンＥ
132,手作り応援 白身魚と緑黄色野菜,8,たら
132,手作り応援 白身魚と緑黄色野菜,102,米粉
132,手作り応援 白身魚と緑黄色野菜,101,小麦粉
132,手作り応援 白身魚と緑黄色野菜,97,デキストリン
132,手作り応援 白身魚と緑黄色野菜,140,食用油脂
132,手作り応援 白身魚と緑黄色野菜,156,乾燥マッシュポテト
132,手作り応援 白身魚と緑黄色野菜,70,にんじん
132,手作り応援 白身魚と緑黄色野菜,131,トマトピューレ―
132,手作り応援 白身魚と緑黄色野菜,61,たまねぎ
132,手作り応援 白身魚と緑黄色野菜,95,でん粉
132,手作り応援 白身魚と緑黄色野菜,60,じゃがいも
132,手作り応援 白身魚と緑黄色野菜,77,ほうれんそう
132,手作り応援 白身魚と緑黄色野菜,54,こまつな
132,手作り応援 白身魚と緑黄色野菜,145,ビタミンＥ
133,手作り応援 かぼちゃとさつまいも,52,かぼちゃペースト
133,手作り応援 かぼちゃとさつまいも,97,デキストリン
133,手作り応援 かぼちゃとさつまいも,101,小麦粉
133,手作り応援 かぼちゃとさつまいも,95,でん粉
133,手作り応援 かぼちゃとさつまいも,91,さつまいも
133,手作り応援 かぼちゃとさつまいも,156,乾燥マッシュポテト
133,手作り応援 かぼちゃとさつまいも,141,麦芽糖
133,手作り応援 かぼちゃとさつまいも,140,食用油脂
133,手作り応援 かぼちゃとさつまいも,145,ビタミンＥ
134,手作り応援 にんじんとトマト,70,にんじん
134,手作り応援 にんじんとトマト,61,たまねぎ
134,手作り応援 にんじんとトマト,101,小麦粉
134,手作り応援 にんじんとトマト,97,デキストリン
134,手作り応援 にんじんとトマト,131,トマトピューレ―
134,手作り応援 にんじんとトマト,156,乾燥マッシュポテト
134,手作り応援 にんじんとトマト,95,でん粉
134,手作り応援 にんじんとトマト,140,食用油脂
134,手作り応援 にんじんとトマト,145,ビタミンＥ
135,手作り応援 とろみのもと,97,デキストリン
135,手作り応援 とろみのもと,95,でん粉
135,手作り応援 とろみのもと,100,加工でん粉
136,手作り応援 鶏肉と緑黄色野菜,156,乾燥マッシュポテト
136,手作り応援 鶏肉と緑黄色野菜,60,じゃがいも
136,手作り応援 鶏肉と緑黄色野菜,77,ほうれんそう
136,手作り応援 鶏肉と緑黄色野菜,101,小麦粉
136,手作り応援 鶏肉と緑黄色野菜,54,こまつな
136,手作り応援 鶏肉と緑黄色野菜,97,デキストリン
136,手作り応援 鶏肉と緑黄色野菜,140,食用油脂
136,手作り応援 鶏肉と緑黄色野菜,24,鶏肉
136,手作り応援 鶏肉と緑黄色野菜,139,食塩
136,手作り応援 鶏肉と緑黄色野菜,95,でん粉
136,手作り応援 鶏肉と緑黄色野菜,70,にんじん
136,手作り応援 鶏肉と緑黄色野菜,132,トマトピューレー
136,手作り応援 鶏肉と緑黄色野菜,61,たまねぎ
136,手作り応援 鶏肉と緑黄色野菜,145,ビタミンＥ
137,手作り応援 鶏レバーと緑黄色野菜,156,乾燥マッシュポテト
137,手作り応援 鶏レバーと緑黄色野菜,70,にんじん
137,手作り応援 鶏レバーと緑黄色野菜,101,小麦粉
137,手作り応援 鶏レバーと緑黄色野菜,97,デキストリン
137,手作り応援 鶏レバーと緑黄色野菜,132,トマトピューレー
137,手作り応援 鶏レバーと緑黄色野菜,61,たまねぎ
137,手作り応援 鶏レバーと緑黄色野菜,95,でん粉
137,手作り応援 鶏レバーと緑黄色野菜,140,食用油脂
137,手作り応援 鶏レバーと緑黄色野菜,22,鶏レバー
137,手作り応援 鶏レバーと緑黄色野菜,139,食塩
137,手作り応援 鶏レバーと緑黄色野菜,115,チキンブイヨン
137,手作り応援 鶏レバーと緑黄色野菜,82,オニオンソテー
137,手作り応援 鶏レバーと緑黄色野菜,79,ほうれんそう・こまつなフレーク
137,手作り応援 鶏レバーと緑黄色野菜,145,ビタミンＥ
138,手作り応援 鯛と緑黄色野菜,70,にんじん
138,手作り応援 鯛と緑黄色野菜,101,小麦粉
138,手作り応援 鯛と緑黄色野菜,97,デキストリン
138,手作り応援 鯛と緑黄色野菜,132,トマトピューレー
138,手作り応援 鯛と緑黄色野菜,156,乾燥マッシュポテト
138,手作り応援 鯛と緑黄色野菜,61,たまねぎ
138,手作り応援 鯛と緑黄色野菜,95,でん粉
138,手作り応援 鯛と緑黄色野菜,140,食用油脂
138,手作り応援 鯛と緑黄色野菜,17,乾燥たい
138,手作り応援 鯛と緑黄色野菜,51,かぼちゃフレーク
138,手作り応援 鯛と緑黄色野菜,79,ほうれんそう・こまつなフレーク
138,手作り応援 鯛と緑黄色野菜,145,ビタミンＥ
139,手作り応援 鯛そぼろあんかけ,95,でん粉
139,手作り応援 鯛そぼろあんかけ,97,デキストリン
139,手作り応援 鯛そぼろあんかけ,137,粉末しょうゆ
139,手作り応援 鯛そぼろあんかけ,139,食塩
139,手作り応援 鯛そぼろあんかけ,57,ごぼう粉末
139,手作り応援 鯛そぼろあんかけ,117,和風だし粉末
139,手作り応援 鯛そぼろあんかけ,110,かつお節エキス粉末
139,手作り応援 鯛そぼろあんかけ,121,酵母エキス粉末
139,手作り応援 鯛そぼろあんかけ,119,昆布エキス粉末
139,手作り応援 鯛そぼろあんかけ,140,食用油脂
139,手作り応援 鯛そぼろあんかけ,17,乾燥たい
139,手作り応援 鯛そぼろあんかけ,48,乾燥しいたけ
139,手作り応援 鯛そぼろあんかけ,59,さやいんげん
139,手作り応援 鯛そぼろあんかけ,77,ほうれんそう
140,手作り応援 五目まぜご飯のもと,97,デキストリン
140,手作り応援 五目まぜご飯のもと,137,粉末しょうゆ
140,手作り応援 五目まぜご飯のもと,139,食塩
140,手作り応援 五目まぜご飯のもと,57,ごぼう粉末
140,手作り応援 五目まぜご飯のもと,117,和風だし粉末
140,手作り応援 五目まぜご飯のもと,110,かつお節エキス粉末
140,手作り応援 五目まぜご飯のもと,121,酵母エキス粉末
140,手作り応援 五目まぜご飯のもと,126,ぶどう糖
140,手作り応援 五目まぜご飯のもと,119,昆布エキス粉末
140,手作り応援 五目まぜご飯のもと,95,でん粉
140,手作り応援 五目まぜご飯のもと,140,食用油脂
140,手作り応援 五目まぜご飯のもと,24,鶏肉
140,手作り応援 五目まぜご飯のもと,98,パン粉
140,手作り応援 五目まぜご飯のもと,61,たまねぎ
140,手作り応援 五目まぜご飯のもと,67,とうもろこし
140,手作り応援 五目まぜご飯のもと,59,さやいんげん
140,手作り応援 五目まぜご飯のもと,77,ほうれんそう
140,手作り応援 五目まぜご飯のもと,48,乾燥しいたけ
141,手作り応援 野菜リゾットのもと,97,デキストリン
141,手作り応援 野菜リゾットのもと,133,トマトペースト
141,手作り応援 野菜リゾットのもと,115,チキンブイヨン
141,手作り応援 野菜リゾットのもと,139,食塩
141,手作り応援 野菜リゾットのもと,82,オニオンソテー
141,手作り応援 野菜リゾットのもと,140,食用油脂
141,手作り応援 野菜リゾットのもと,67,とうもろこし
141,手作り応援 野菜リゾットのもと,59,さやいんげん
141,手作り応援 野菜リゾットのもと,77,ほうれんそう
142,手作り応援 鮭と青菜の和風あんかけ,95,でん粉
142,手作り応援 鮭と青菜の和風あんかけ,97,デキストリン
142,手作り応援 鮭と青菜の和風あんかけ,137,粉末しょうゆ
142,手作り応援 鮭と青菜の和風あんかけ,139,食塩
142,手作り応援 鮭と青菜の和風あんかけ,57,ごぼう粉末
142,手作り応援 鮭と青菜の和風あんかけ,117,和風だし粉末
142,手作り応援 鮭と青菜の和風あんかけ,110,かつお節エキス粉末
142,手作り応援 鮭と青菜の和風あんかけ,121,酵母エキス粉末
142,手作り応援 鮭と青菜の和風あんかけ,119,昆布エキス粉末
142,手作り応援 鮭と青菜の和風あんかけ,140,食用油脂
142,手作り応援 鮭と青菜の和風あんかけ,16,乾燥さけ
142,手作り応援 鮭と青菜の和風あんかけ,88,乾燥ほうれんそう
142,手作り応援 鮭と青菜の和風あんかけ,48,乾燥しいたけ
143,手作り応援 チキンと野菜のトマトソース,36,乳糖
143,手作り応援 チキンと野菜のトマトソース,95,でん粉
143,手作り応援 チキンと野菜のトマトソース,154,トマトソース粉末
143,手作り応援 チキンと野菜のトマトソース,155,トマト粉末
143,手作り応援 チキンと野菜のトマトソース,121,酵母エキス粉末
143,手作り応援 チキンと野菜のトマトソース,37,全粉乳
143,手作り応援 チキンと野菜のトマトソース,139,食塩
143,手作り応援 チキンと野菜のトマトソース,24,鶏肉
143,手作り応援 チキンと野菜のトマトソース,98,パン粉
143,手作り応援 チキンと野菜のトマトソース,61,たまねぎ
143,手作り応援 チキンと野菜のトマトソース,97,デキストリン
143,手作り応援 チキンと野菜のトマトソース,51,かぼちゃフレーク
143,手作り応援 チキンと野菜のトマトソース,67,とうもろこし
143,手作り応援 チキンと野菜のトマトソース,77,ほうれんそう
143,手作り応援 チキンと野菜のトマトソース,72,にんじんフレーク
143,手作り応援 チキンと野菜のトマトソース,100,加工でん粉
143,手作り応援 チキンと野菜のトマトソース,145,ビタミンＥ
144,手作り応援 チキンと野菜のクリームソース,36,乳糖
144,手作り応援 チキンと野菜のクリームソース,39,脱脂粉乳
144,手作り応援 チキンと野菜のクリームソース,29,たんぱく質濃縮ホエイパウダー
144,手作り応援 チキンと野菜のクリームソース,37,全粉乳
144,手作り応援 チキンと野菜のクリームソース,24,鶏肉
144,手作り応援 チキンと野菜のクリームソース,98,パン粉
144,手作り応援 チキンと野菜のクリームソース,61,たまねぎ
144,手作り応援 チキンと野菜のクリームソース,95,でん粉
144,手作り応援 チキンと野菜のクリームソース,139,食塩
144,手作り応援 チキンと野菜のクリームソース,97,デキストリン
144,手作り応援 チキンと野菜のクリームソース,30,クリーム
144,手作り応援 チキンと野菜のクリームソース,157,濃縮乳
144,手作り応援 チキンと野菜のクリームソース,33,バター
144,手作り応援 チキンと野菜のクリームソース,136,砂糖
144,手作り応援 チキンと野菜のクリームソース,51,かぼちゃフレーク
144,手作り応援 チキンと野菜のクリームソース,113,チキンエキスパウダー
144,手作り応援 チキンと野菜のクリームソース,72,にんじんフレーク
144,手作り応援 チキンと野菜のクリームソース,67,とうもろこし
144,手作り応援 チキンと野菜のクリームソース,77,ほうれんそう
144,手作り応援 チキンと野菜のクリームソース,121,酵母エキス粉末
144,手作り応援 チキンと野菜のクリームソース,101,小麦粉
144,手作り応援 チキンと野菜のクリームソース,32,チーズ
144,手作り応援 チキンと野菜のクリームソース,38,牛乳
144,手作り応援 チキンと野菜のクリームソース,34,バターオイル
144,手作り応援 チキンと野菜のクリームソース,65,たまねぎ粉末
144,手作り応援 チキンと野菜のクリームソース,100,加工でん粉
144,手作り応援 チキンと野菜のクリームソース,145,ビタミンＥ
145,手作り応援 チンして蒸しぱん,101,小麦粉
145,手作り応援 チンして蒸しぱん,141,麦芽糖
145,手作り応援 チンして蒸しぱん,134,植物油脂
145,手作り応援 チンして蒸しぱん,136,砂糖
145,手作り応援 チンして蒸しぱん,26,卵白粉末
145,手作り応援 チンして蒸しぱん,135,水あめ
145,手作り応援 チンして蒸しぱん,39,脱脂粉乳
145,手作り応援 チンして蒸しぱん,100,加工でん粉
145,手作り応援 チンして蒸しぱん,149,膨脹剤
145,手作り応援 チンして蒸しぱん,148,炭酸カルシウム
145,手作り応援 チンして蒸しぱん,142,カゼインナトリウム
145,手作り応援 チンして蒸しぱん,147,乳化剤
145,手作り応援 チンして蒸しぱん,146,ピロリン酸鉄
146,手作り応援 チンしてコーンぱん,101,小麦粉
146,手作り応援 チンしてコーンぱん,141,麦芽糖
146,手作り応援 チンしてコーンぱん,134,植物油脂
146,手作り応援 チンしてコーンぱん,69,とうもろこし粉末
146,手作り応援 チンしてコーンぱん,136,砂糖
146,手作り応援 チンしてコーンぱん,26,卵白粉末
146,手作り応援 チンしてコーンぱん,135,水あめ
146,手作り応援 チンしてコーンぱん,39,脱脂粉乳
146,手作り応援 チンしてコーンぱん,100,加工でん粉
146,手作り応援 チンしてコーンぱん,149,膨脹剤
146,手作り応援 チンしてコーンぱん,148,炭酸カルシウム
146,手作り応援 チンしてコーンぱん,142,カゼインナトリウム
146,手作り応援 チンしてコーンぱん,147,乳化剤
146,手作り応援 チンしてコーンぱん,146,ピロリン酸鉄
147,手作り応援 チンしてココアぱん,101,小麦粉
147,手作り応援 チンしてココアぱん,141,麦芽糖
147,手作り応援 チンしてココアぱん,134,植物油脂
147,手作り応援 チンしてココアぱん,136,砂糖
147,手作り応援 チンしてココアぱん,26,卵白粉末
147,手作り応援 チンしてココアぱん,135,水あめ
147,手作り応援 チンしてココアぱん,39,脱脂粉乳
147,手作り応援 チンしてココアぱん,153,ココアパウダー
147,手作り応援 チンしてココアぱん,100,加工でん粉
147,手作り応援 チンしてココアぱん,149,膨脹剤
147,手作り応援 チンしてココアぱん,148,炭酸カルシウム
147,手作り応援 チンしてココアぱん,142,カゼインナトリウム
147,手作り応援 チンしてココアぱん,147,乳化剤
147,手作り応援 チンしてココアぱん,146,ピロリン酸鉄
148,手作り応援 おみそしるのもと,97,デキストリン
148,手作り応援 おみそしるのもと,128,みそ粉末
148,手作り応援 おみそしるのもと,117,和風だし粉末
148,手作り応援 おみそしるのもと,107,かつおエキス粉末
148,手作り応援 おみそしるのもと,119,昆布エキス粉末
148,手作り応援 おみそしるのもと,111,かつお節粉末
148,手作り応援 おみそしるのもと,95,でん粉
148,手作り応援 おみそしるのもと,139,食塩
148,手作り応援 おみそしるのもと,88,乾燥ほうれんそう
148,手作り応援 おみそしるのもと,146,ピロリン酸鉄