name,category,stage,sort_order,is_active
いわし,たんぱく質食品,後期,1,TRUE
さけほぐし身,たんぱく質食品,中期,2,TRUE
さばほぐし身,たんぱく質食品,完了期,3,TRUE
しらす,たんぱく質食品,初期,4,TRUE
たい,たんぱく質食品,中期,5,TRUE
たいほぐし身,たんぱく質食品,中期,6,TRUE
たいエキス,たんぱく質食品,中期,7,TRUE
たら,たんぱく質食品,後期,8,TRUE
たらすり身,たんぱく質食品,後期,9,TRUE
たらほぐし身,たんぱく質食品,後期,10,TRUE
ちりめんエキス,たんぱく質食品,完了期,11,FALSE
ひらめほぐし身,たんぱく質食品,中期,12,TRUE
ほたてエキス,たんぱく質食品,完了期,13,TRUE
まぐろ,たんぱく質食品,後期,14,TRUE
まぐろ水煮,たんぱく質食品,後期,15,TRUE
乾燥さけ,たんぱく質食品,中期,16,TRUE
乾燥たい,たんぱく質食品,中期,17,TRUE
牛肉,たんぱく質食品,後期,18,TRUE
豚ひき肉,たんぱく質食品,後期,19,TRUE
豚肉,たんぱく質食品,後期,20,TRUE
鶏ほぐし身,たんぱく質食品,中期,21,TRUE
鶏レバー,たんぱく質食品,後期,22,TRUE
鶏レバーペースト,たんぱく質食品,後期,23,TRUE
鶏肉,たんぱく質食品,中期,24,TRUE
卵白,たんぱく質食品,中期,25,TRUE
卵白粉末,たんぱく質食品,中期,26,TRUE
卵黄,たんぱく質食品,初期,27,TRUE
鶏卵,たんぱく質食品,完了期,28,TRUE
たんぱく質濃縮ホエイパウダー,たんぱく質食品,完了期,29,FALSE
クリーム,たんぱく質食品,完了期,30,FALSE
チェダーチーズ,たんぱく質食品,完了期,31,FALSE
チーズ,たんぱく質食品,完了期,32,TRUE
バター,たんぱく質食品,後期,33,TRUE
バターオイル,たんぱく質食品,後期,34,TRUE
乳等を主要原料とする食品,たんぱく質食品,完了期,35,FALSE
乳糖,たんぱく質食品,完了期,36,FALSE
全粉乳,たんぱく質食品,完了期,37,FALSE
牛乳,たんぱく質食品,後期,38,TRUE
脱脂粉乳,たんぱく質食品,完了期,39,FALSE
大豆,たんぱく質食品,完了期,40,FALSE
粉末状大豆たん白,たんぱく質食品,完了期,41,FALSE
粒状大豆たん白,たんぱく質食品,完了期,42,FALSE
豆乳,たんぱく質食品,中期,43,TRUE
豆腐,たんぱく質食品,初期,44,TRUE
豆腐用凝固剤,たんぱく質食品,完了期,45,FALSE
しいたけ水煮,野菜,完了期,46,TRUE
まいたけ水煮,野菜,完了期,47,TRUE
乾燥しいたけ,野菜,完了期,48,TRUE
かぶペースト,野菜,初期,49,TRUE
かぼちゃ,野菜,初期,50,TRUE
かぼちゃフレーク,野菜,初期,51,TRUE
かぼちゃペースト,野菜,初期,52,TRUE
かぼちゃ粉末,野菜,初期,53,TRUE
こまつな,野菜,初期,54,TRUE
こまつな粉末,野菜,初期,55,TRUE
ごぼう,野菜,完了期,56,TRUE
ごぼう粉末,野菜,完了期,57,TRUE
さといも,野菜,後期,58,TRUE
さやいんげん,野菜,後期,59,TRUE
じゃがいも,野菜,初期,60,TRUE
たまねぎ,野菜,初期,61,TRUE
たまねぎエキス,野菜,初期,62,TRUE
たまねぎエキス粉末,野菜,初期,63,TRUE
たまねぎペースト,野菜,初期,64,TRUE
たまねぎ粉末,野菜,初期,65,TRUE
だいこん,野菜,初期,66,TRUE
とうもろこし,野菜,完了期,67,TRUE
とうもろこしペースト,野菜,完了期,68,TRUE
とうもろこし粉末,野菜,完了期,69,TRUE
にんじん,野菜,初期,70,TRUE
にんじんエキス,野菜,初期,71,TRUE
にんじんフレーク,野菜,初期,72,TRUE
にんじんペースト,野菜,初期,73,TRUE
にんじん粉末,野菜,初期,74,TRUE
はくさい,野菜,初期,75,TRUE
はくさいペースト,野菜,初期,76,TRUE
ほうれんそう,野菜,初期,77,TRUE
ほうれんそうペースト,野菜,初期,78,TRUE
ほうれんそう・こまつなフレーク,野菜,初期,79,TRUE
ほうれんそう粉末,野菜,初期,80,TRUE
れんこん,野菜,完了期,81,TRUE
オニオンソテー,野菜,初期,82,TRUE
カリフラワー,野菜,初期,83,TRUE
キャベツ,野菜,初期,84,TRUE
セロリ,野菜,完了期,85,FALSE
ピーマン,野菜,中期,86,TRUE
ブロッコリー,野菜,初期,87,TRUE
乾燥ほうれんそう,野菜,初期,88,TRUE
野菜ブイヨンペースト,野菜,完了期,89,FALSE
香味野菜ソテー,野菜,完了期,90,FALSE
さつまいも,野菜,初期,91,TRUE
りんごピューレー,果物,初期,92,TRUE
パインアップル濃縮果汁,果物,完了期,93,TRUE
うどん,穀類・いも類,初期,94,TRUE
でん粉,穀類・いも類,完了期,95,FALSE
スパゲッティ,穀類・いも類,中期,96,TRUE
デキストリン,穀類・いも類,完了期,97,FALSE
パン粉,穀類・いも類,完了期,98,FALSE
マカロニ,穀類・いも類,中期,99,TRUE
加工でん粉,穀類・いも類,完了期,100,FALSE
小麦粉,穀類・いも類,完了期,101,FALSE
米粉,穀類・いも類,完了期,102,FALSE
米酢,穀類・いも類,完了期,103,TRUE
精白米,穀類・いも類,初期,104,TRUE
かつおだし,調味料・その他,初期,105,TRUE
かつおエキス,調味料・その他,完了期,106,TRUE
かつおエキス粉末,調味料・その他,完了期,107,TRUE
かつお昆布だし,調味料・その他,初期,108,TRUE
かつお節エキス,調味料・その他,中期,109,TRUE
かつお節エキス粉末,調味料・その他,中期,110,TRUE
かつお節粉末,調味料・その他,中期,111,TRUE
チキンエキス,調味料・その他,完了期,112,FALSE
チキンエキスパウダー,調味料・その他,完了期,113,FALSE
チキンオイル,調味料・その他,完了期,114,FALSE
チキンブイヨン,調味料・その他,完了期,115,FALSE
チキン・フィッシュブイヨン,調味料・その他,完了期,116,FALSE
和風だし粉末,調味料・その他,初期,117,TRUE
昆布エキス,調味料・その他,初期,118,TRUE
昆布エキス粉末,調味料・その他,初期,119,TRUE
酵母エキス,調味料・その他,完了期,120,FALSE
酵母エキス粉末,調味料・その他,完了期,121,FALSE
ごま油,調味料・その他,完了期,122,FALSE
しょうがペースト,調味料・その他,完了期,123,TRUE
しょうゆ,調味料・その他,中期,124,TRUE
にんにくペースト,調味料・その他,完了期,125,TRUE
ぶどう糖,調味料・その他,完了期,126,TRUE
みそ,調味料・その他,中期,127,TRUE
みそ粉末,調味料・その他,中期,128,TRUE
カレー粉,調味料・その他,完了期,129,TRUE
トマトケチャップ,調味料・その他,後期,130,TRUE
トマトピューレ―,調味料・その他,初期,131,TRUE
トマトピューレー,調味料・その他,初期,132,TRUE
トマトペースト,調味料・その他,初期,133,TRUE
植物油脂,調味料・その他,完了期,134,FALSE
水あめ,調味料・その他,完了期,135,TRUE
砂糖,調味料・その他,中期,136,TRUE
粉末しょうゆ,調味料・その他,中期,137,TRUE
粉末みそ,調味料・その他,中期,138,TRUE
食塩,調味料・その他,中期,139,TRUE
食用油脂,調味料・その他,完了期,140,FALSE
麦芽糖,調味料・その他,完了期,141,FALSE
カゼインナトリウム,調味料・その他,完了期,142,FALSE
クエン酸,調味料・その他,完了期,143,FALSE
ビタミンＣ,調味料・その他,完了期,144,FALSE
ビタミンＥ,調味料・その他,完了期,145,FALSE
ピロリン酸鉄,調味料・その他,完了期,146,FALSE
乳化剤,調味料・その他,完了期,147,FALSE
炭酸カルシウム,調味料・その他,完了期,148,FALSE
膨脹剤,調味料・その他,完了期,149,FALSE
乾燥わかめ,調味料・その他,中期,150,TRUE
寒天,調味料・その他,完了期,151,TRUE
海藻粉末,調味料・その他,完了期,152,FALSE
ココアパウダー,調味料・その他,完了期,153,TRUE
トマトソース粉末,調味料・その他,初期,154,TRUE
トマト粉末,調味料・その他,初期,155,TRUE
乾燥マッシュポテト,調味料・その他,完了期,156,FALSE
濃縮乳,調味料・その他,完了期,157,FALSE